{
"type": "FeatureCollection",
"name": "baltimore_tracts",
"crs": { "type": "name", "properties": { "name": "urn:ogc:def:crs:OGC:1.3:CRS84" } },
"features": [
{ "type": "Feature", "properties": { "STATEFP": "24", "COUNTYFP": "510", "TRACTCE": "151200", "GEOIDFQ": "1400000US24510151200", "GEOID": "24510151200", "NAME": "1512", "NAMELSAD": "Census Tract 1512", "STUSPS": "MD", "NAMELSADCO": "Baltimore city", "STATE_NAME": "Maryland", "LSAD": "CT", "ALAND": 779694, "AWATER": 0 }, "geometry": { "type": "Polygon", "coordinates": [ [ [ -76.665061, 39.333385 ], [ -76.662664, 39.33451 ], [ -76.659844, 39.335652 ], [ -76.656359, 39.336504 ], [ -76.655937, 39.334611 ], [ -76.655964, 39.333549 ], [ -76.655735, 39.333053 ], [ -76.654032, 39.330291 ], [ -76.655061, 39.329543 ], [ -76.657528, 39.325453 ], [ -76.657842, 39.325713 ], [ -76.658867, 39.327068 ], [ -76.661594, 39.326914 ], [ -76.664302, 39.327512 ], [ -76.66589, 39.332968 ], [ -76.665061, 39.333385 ] ] ] } },
{ "type": "Feature", "properties": { "STATEFP": "24", "COUNTYFP": "510", "TRACTCE": "270702", "GEOIDFQ": "1400000US24510270702", "GEOID": "24510270702", "NAME": "2707.02", "NAMELSAD": "Census Tract 2707.02", "STUSPS": "MD", "NAMELSADCO": "Baltimore city", "STATE_NAME": "Maryland", "LSAD": "CT", "ALAND": 837141, "AWATER": 0 }, "geometry": { "type": "Polygon", "coordinates": [ [ [ -76.573563, 39.368539 ], [ -76.567643, 39.368509 ], [ -76.567071, 39.368301 ], [ -76.562545, 39.366828 ], [ -76.55918, 39.365669 ], [ -76.558206, 39.365423 ], [ -76.551894, 39.363406 ], [ -76.557731, 39.356658 ], [ -76.557859, 39.356511 ], [ -76.558607, 39.36268 ], [ -76.561605, 39.362648 ], [ -76.562529, 39.362991 ], [ -76.568269, 39.364621 ], [ -76.569197, 39.364566 ], [ -76.572298, 39.364707 ], [ -76.572247, 39.365409 ], [ -76.573541, 39.365126 ], [ -76.574048, 39.36754 ], [ -76.573563, 39.368539 ] ] ] } },
{ "type": "Feature", "properties": { "STATEFP": "24", "COUNTYFP": "510", "TRACTCE": "272004", "GEOIDFQ": "1400000US24510272004", "GEOID": "24510272004", "NAME": "2720.04", "NAMELSAD": "Census Tract 2720.04", "STUSPS": "MD", "NAMELSADCO": "Baltimore city", "STATE_NAME": "Maryland", "LSAD": "CT", "ALAND": 708925, "AWATER": 0 }, "geometry": { "type": "Polygon", "coordinates": [ [ [ -76.694728, 39.36801 ], [ -76.6942, 39.369634 ], [ -76.692496, 39.371365 ], [ -76.692444, 39.372033 ], [ -76.683656, 39.372028 ], [ -76.682343, 39.372201 ], [ -76.682273, 39.370982 ], [ -76.682172, 39.370525 ], [ -76.680807, 39.369059 ], [ -76.685228, 39.36897 ], [ -76.685093, 39.365505 ], [ -76.689582, 39.36421 ], [ -76.69075, 39.365684 ], [ -76.692191, 39.365918 ], [ -76.697167, 39.364952 ], [ -76.694728, 39.36801 ] ] ] } },
{ "type": "Feature", "properties": { "STATEFP": "24", "COUNTYFP": "510", "TRACTCE": "270501", "GEOIDFQ": "1400000US24510270501", "GEOID": "24510270501", "NAME": "2705.01", "NAMELSAD": "Census Tract 2705.01", "STUSPS": "MD", "NAMELSADCO": "Baltimore city", "STATE_NAME": "Maryland", "LSAD": "CT", "ALAND": 2319872, "AWATER": 2012 }, "geometry": { "type": "Polygon", "coordinates": [ [ [ -76.548423, 39.367386 ], [ -76.547824, 39.36807 ], [ -76.544243, 39.372181 ], [ -76.5405, 39.37211 ], [ -76.529793, 39.372058 ], [ -76.529787, 39.371606 ], [ -76.52979, 39.363815 ], [ -76.529785, 39.356552 ], [ -76.535294, 39.358001 ], [ -76.538123, 39.358398 ], [ -76.539224, 39.358825 ], [ -76.544112, 39.360572 ], [ -76.54775, 39.361901 ], [ -76.551894, 39.363406 ], [ -76.548423, 39.367386 ] ] ] } },
{ "type": "Feature", "properties": { "STATEFP": "24", "COUNTYFP": "510", "TRACTCE": "090700", "GEOIDFQ": "1400000US24510090700", "GEOID": "24510090700", "NAME": "907", "NAMELSAD": "Census Tract 907", "STUSPS": "MD", "NAMELSADCO": "Baltimore city", "STATE_NAME": "Maryland", "LSAD": "CT", "ALAND": 435082, "AWATER": 0 }, "geometry": { "type": "Polygon", "coordinates": [ [ [ -76.601489, 39.31879 ], [ -76.597881, 39.32236 ], [ -76.596764, 39.323456 ], [ -76.593929, 39.326225 ], [ -76.59381, 39.325967 ], [ -76.593182, 39.323901 ], [ -76.592814, 39.323209 ], [ -76.592577, 39.322919 ], [ -76.590658, 39.321239 ], [ -76.591683, 39.32026 ], [ -76.592821, 39.319178 ], [ -76.594867, 39.317238 ], [ -76.597717, 39.317922 ], [ -76.599412, 39.318294 ], [ -76.601489, 39.31879 ] ] ] } },
{ "type": "Feature", "properties": { "STATEFP": "24", "COUNTYFP": "510", "TRACTCE": "180300", "GEOIDFQ": "1400000US24510180300", "GEOID": "24510180300", "NAME": "1803", "NAMELSAD": "Census Tract 1803", "STUSPS": "MD", "NAMELSADCO": "Baltimore city", "STATE_NAME": "Maryland", "LSAD": "CT", "ALAND": 289563, "AWATER": 0 }, "geometry": { "type": "Polygon", "coordinates": [ [ [ -76.638166, 39.288566 ], [ -76.63381, 39.288766 ], [ -76.628909, 39.288992 ], [ -76.627766, 39.288974 ], [ -76.628062, 39.287786 ], [ -76.628021, 39.287165 ], [ -76.627539, 39.286057 ], [ -76.629019, 39.286009 ], [ -76.637984, 39.285587 ], [ -76.638101, 39.287556 ], [ -76.638166, 39.288566 ] ] ] } },
{ "type": "Feature", "properties": { "STATEFP": "24", "COUNTYFP": "510", "TRACTCE": "270703", "GEOIDFQ": "1400000US24510270703", "GEOID": "24510270703", "NAME": "2707.03", "NAMELSAD": "Census Tract 2707.03", "STUSPS": "MD", "NAMELSADCO": "Baltimore city", "STATE_NAME": "Maryland", "LSAD": "CT", "ALAND": 993947, "AWATER": 0 }, "geometry": { "type": "Polygon", "coordinates": [ [ [ -76.561919, 39.367889 ], [ -76.561788, 39.372205 ], [ -76.553749, 39.37207 ], [ -76.549357, 39.372067 ], [ -76.545145, 39.372104 ], [ -76.544243, 39.372181 ], [ -76.547824, 39.36807 ], [ -76.548423, 39.367386 ], [ -76.551894, 39.363406 ], [ -76.558206, 39.365423 ], [ -76.55918, 39.365669 ], [ -76.562545, 39.366828 ], [ -76.561919, 39.367889 ] ] ] } },
{ "type": "Feature", "properties": { "STATEFP": "24", "COUNTYFP": "510", "TRACTCE": "010300", "GEOIDFQ": "1400000US24510010300", "GEOID": "24510010300", "NAME": "103", "NAMELSAD": "Census Tract 103", "STUSPS": "MD", "NAMELSADCO": "Baltimore city", "STATE_NAME": "Maryland", "LSAD": "CT", "ALAND": 673883, "AWATER": 10498 }, "geometry": { "type": "Polygon", "coordinates": [ [ [ -76.584722, 39.291891 ], [ -76.583325, 39.291956 ], [ -76.581886, 39.292012 ], [ -76.579727, 39.292099 ], [ -76.577623, 39.292178 ], [ -76.576174, 39.292232 ], [ -76.575814, 39.2863 ], [ -76.577242, 39.286242 ], [ -76.57709, 39.284207 ], [ -76.577043, 39.28321 ], [ -76.579853, 39.283085 ], [ -76.582736, 39.283099 ], [ -76.584222, 39.28403 ], [ -76.584332, 39.285956 ], [ -76.584572, 39.289599 ], [ -76.584722, 39.291891 ] ] ] } },
{ "type": "Feature", "properties": { "STATEFP": "24", "COUNTYFP": "510", "TRACTCE": "060300", "GEOIDFQ": "1400000US24510060300", "GEOID": "24510060300", "NAME": "603", "NAMELSAD": "Census Tract 603", "STUSPS": "MD", "NAMELSADCO": "Baltimore city", "STATE_NAME": "Maryland", "LSAD": "CT", "ALAND": 187111, "AWATER": 0 }, "geometry": { "type": "Polygon", "coordinates": [ [ [ -76.58773, 39.296519 ], [ -76.583585, 39.296687 ], [ -76.583456, 39.294361 ], [ -76.583325, 39.291956 ], [ -76.584722, 39.291891 ], [ -76.587414, 39.291813 ], [ -76.587584, 39.294208 ], [ -76.58773, 39.296519 ] ] ] } },
{ "type": "Feature", "properties": { "STATEFP": "24", "COUNTYFP": "510", "TRACTCE": "260203", "GEOIDFQ": "1400000US24510260203", "GEOID": "24510260203", "NAME": "2602.03", "NAMELSAD": "Census Tract 2602.03", "STUSPS": "MD", "NAMELSADCO": "Baltimore city", "STATE_NAME": "Maryland", "LSAD": "CT", "ALAND": 853290, "AWATER": 0 }, "geometry": { "type": "Polygon", "coordinates": [ [ [ -76.553856, 39.31867 ], [ -76.549061, 39.321662 ], [ -76.548442, 39.32183 ], [ -76.545266, 39.32225 ], [ -76.542892, 39.322952 ], [ -76.540754, 39.323623 ], [ -76.541721, 39.329213 ], [ -76.535007, 39.330198 ], [ -76.534533, 39.33028 ], [ -76.532977, 39.330558 ], [ -76.534112, 39.328893 ], [ -76.534104, 39.328295 ], [ -76.536023, 39.326705 ], [ -76.540459, 39.321218 ], [ -76.548136, 39.316256 ], [ -76.548938, 39.315888 ], [ -76.549152, 39.316351 ], [ -76.552311, 39.316808 ], [ -76.555024, 39.317956 ], [ -76.553856, 39.31867 ] ] ] } },
{ "type": "Feature", "properties": { "STATEFP": "24", "COUNTYFP": "510", "TRACTCE": "270701", "GEOIDFQ": "1400000US24510270701", "GEOID": "24510270701", "NAME": "2707.01", "NAMELSAD": "Census Tract 2707.01", "STUSPS": "MD", "NAMELSADCO": "Baltimore city", "STATE_NAME": "Maryland", "LSAD": "CT", "ALAND": 399831, "AWATER": 0 }, "geometry": { "type": "Polygon", "coordinates": [ [ [ -76.5701, 39.372039 ], [ -76.569997, 39.372121 ], [ -76.567243, 39.372104 ], [ -76.561788, 39.372205 ], [ -76.561919, 39.367889 ], [ -76.562545, 39.366828 ], [ -76.567071, 39.368301 ], [ -76.567643, 39.368509 ], [ -76.573563, 39.368539 ], [ -76.5701, 39.372039 ] ] ] } },
{ "type": "Feature", "properties": { "STATEFP": "24", "COUNTYFP": "510", "TRACTCE": "271101", "GEOIDFQ": "1400000US24510271101", "GEOID": "24510271101", "NAME": "2711.01", "NAMELSAD": "Census Tract 2711.01", "STUSPS": "MD", "NAMELSADCO": "Baltimore city", "STATE_NAME": "Maryland", "LSAD": "CT", "ALAND": 1011783, "AWATER": 0 }, "geometry": { "type": "Polygon", "coordinates": [ [ [ -76.623522, 39.353226 ], [ -76.616098, 39.353789 ], [ -76.609928, 39.354331 ], [ -76.609881, 39.352801 ], [ -76.60984, 39.351952 ], [ -76.609788, 39.350145 ], [ -76.609682, 39.346177 ], [ -76.613313, 39.3461 ], [ -76.614801, 39.345789 ], [ -76.616493, 39.345388 ], [ -76.617127, 39.34533 ], [ -76.620125, 39.345515 ], [ -76.622127, 39.34534 ], [ -76.623522, 39.353226 ] ] ] } },
{ "type": "Feature", "properties": { "STATEFP": "24", "COUNTYFP": "510", "TRACTCE": "090500", "GEOIDFQ": "1400000US24510090500", "GEOID": "24510090500", "NAME": "905", "NAMELSAD": "Census Tract 905", "STUSPS": "MD", "NAMELSADCO": "Baltimore city", "STATE_NAME": "Maryland", "LSAD": "CT", "ALAND": 741595, "AWATER": 0 }, "geometry": { "type": "Polygon", "coordinates": [ [ [ -76.609428, 39.328314 ], [ -76.608472, 39.328332 ], [ -76.597897, 39.328329 ], [ -76.595145, 39.328347 ], [ -76.593929, 39.326225 ], [ -76.596764, 39.323456 ], [ -76.597881, 39.32236 ], [ -76.601489, 39.31879 ], [ -76.603351, 39.319181 ], [ -76.605812, 39.319457 ], [ -76.601468, 39.323707 ], [ -76.608864, 39.32647 ], [ -76.609426, 39.3254 ], [ -76.609428, 39.328314 ] ] ] } },
{ "type": "Feature", "properties": { "STATEFP": "24", "COUNTYFP": "510", "TRACTCE": "190300", "GEOIDFQ": "1400000US24510190300", "GEOID": "24510190300", "NAME": "1903", "NAMELSAD": "Census Tract 1903", "STUSPS": "MD", "NAMELSADCO": "Baltimore city", "STATE_NAME": "Maryland", "LSAD": "CT", "ALAND": 352929, "AWATER": 0 }, "geometry": { "type": "Polygon", "coordinates": [ [ [ -76.646959, 39.288148 ], [ -76.645222, 39.288228 ], [ -76.642413, 39.288373 ], [ -76.642197, 39.285389 ], [ -76.642168, 39.284421 ], [ -76.641988, 39.281604 ], [ -76.641861, 39.280991 ], [ -76.646426, 39.279489 ], [ -76.646719, 39.284242 ], [ -76.646959, 39.288148 ] ] ] } },
{ "type": "Feature", "properties": { "STATEFP": "24", "COUNTYFP": "510", "TRACTCE": "230100", "GEOIDFQ": "1400000US24510230100", "GEOID": "24510230100", "NAME": "2301", "NAMELSAD": "Census Tract 2301", "STUSPS": "MD", "NAMELSADCO": "Baltimore city", "STATE_NAME": "Maryland", "LSAD": "CT", "ALAND": 336352, "AWATER": 0 }, "geometry": { "type": "Polygon", "coordinates": [ [ [ -76.62013, 39.276446 ], [ -76.619237, 39.278248 ], [ -76.618999, 39.279052 ], [ -76.618254, 39.279381 ], [ -76.616446, 39.278919 ], [ -76.614525, 39.278985 ], [ -76.614295, 39.275772 ], [ -76.614159, 39.273657 ], [ -76.614111, 39.272617 ], [ -76.616111, 39.272553 ], [ -76.616773, 39.272538 ], [ -76.618636, 39.272459 ], [ -76.618719, 39.27391 ], [ -76.620945, 39.274549 ], [ -76.62013, 39.276446 ] ] ] } },
{ "type": "Feature", "properties": { "STATEFP": "24", "COUNTYFP": "510", "TRACTCE": "070400", "GEOIDFQ": "1400000US24510070400", "GEOID": "24510070400", "NAME": "704", "NAMELSAD": "Census Tract 704", "STUSPS": "MD", "NAMELSADCO": "Baltimore city", "STATE_NAME": "Maryland", "LSAD": "CT", "ALAND": 326989, "AWATER": 0 }, "geometry": { "type": "Polygon", "coordinates": [ [ [ -76.597829, 39.301744 ], [ -76.594658, 39.301881 ], [ -76.588079, 39.302138 ], [ -76.587869, 39.298647 ], [ -76.590874, 39.298524 ], [ -76.594408, 39.298373 ], [ -76.597597, 39.298251 ], [ -76.597829, 39.301744 ] ] ] } },
{ "type": "Feature", "properties": { "STATEFP": "24", "COUNTYFP": "510", "TRACTCE": "100100", "GEOIDFQ": "1400000US24510100100", "GEOID": "24510100100", "NAME": "1001", "NAMELSAD": "Census Tract 1001", "STUSPS": "MD", "NAMELSADCO": "Baltimore city", "STATE_NAME": "Maryland", "LSAD": "CT", "ALAND": 453808, "AWATER": 0 }, "geometry": { "type": "Polygon", "coordinates": [ [ [ -76.611594, 39.302534 ], [ -76.611516, 39.303603 ], [ -76.61135, 39.304715 ], [ -76.611208, 39.304718 ], [ -76.608199, 39.304839 ], [ -76.603627, 39.305018 ], [ -76.598069, 39.305222 ], [ -76.597829, 39.301744 ], [ -76.59937, 39.301682 ], [ -76.604906, 39.301491 ], [ -76.607269, 39.301361 ], [ -76.61096, 39.301248 ], [ -76.611551, 39.301224 ], [ -76.611594, 39.302534 ] ] ] } },
{ "type": "Feature", "properties": { "STATEFP": "24", "COUNTYFP": "510", "TRACTCE": "270502", "GEOIDFQ": "1400000US24510270502", "GEOID": "24510270502", "NAME": "2705.02", "NAMELSAD": "Census Tract 2705.02", "STUSPS": "MD", "NAMELSADCO": "Baltimore city", "STATE_NAME": "Maryland", "LSAD": "CT", "ALAND": 1539775, "AWATER": 0 }, "geometry": { "type": "Polygon", "coordinates": [ [ [ -76.557731, 39.356658 ], [ -76.551894, 39.363406 ], [ -76.54775, 39.361901 ], [ -76.544112, 39.360572 ], [ -76.539224, 39.358825 ], [ -76.538123, 39.358398 ], [ -76.535294, 39.358001 ], [ -76.529785, 39.356552 ], [ -76.529773, 39.355575 ], [ -76.534763, 39.351196 ], [ -76.535667, 39.351832 ], [ -76.540165, 39.353602 ], [ -76.542666, 39.353531 ], [ -76.543894, 39.353469 ], [ -76.545862, 39.353607 ], [ -76.548048, 39.354 ], [ -76.551914, 39.355052 ], [ -76.557731, 39.356658 ] ] ] } },
{ "type": "Feature", "properties": { "STATEFP": "24", "COUNTYFP": "510", "TRACTCE": "150900", "GEOIDFQ": "1400000US24510150900", "GEOID": "24510150900", "NAME": "1509", "NAMELSAD": "Census Tract 1509", "STUSPS": "MD", "NAMELSADCO": "Baltimore city", "STATE_NAME": "Maryland", "LSAD": "CT", "ALAND": 1464150, "AWATER": 1171 }, "geometry": { "type": "Polygon", "coordinates": [ [ [ -76.690004, 39.312386 ], [ -76.685457, 39.312767 ], [ -76.686725, 39.315368 ], [ -76.687295, 39.315497 ], [ -76.688122, 39.31795 ], [ -76.688862, 39.31903 ], [ -76.687748, 39.32144 ], [ -76.690145, 39.320985 ], [ -76.689193, 39.32202 ], [ -76.690069, 39.323586 ], [ -76.682564, 39.325842 ], [ -76.682092, 39.325027 ], [ -76.681084, 39.323358 ], [ -76.682747, 39.322852 ], [ -76.681914, 39.321316 ], [ -76.681841, 39.32009 ], [ -76.68164, 39.318101 ], [ -76.681301, 39.315002 ], [ -76.681133, 39.314092 ], [ -76.680565, 39.310762 ], [ -76.679261, 39.306865 ], [ -76.676717, 39.306749 ], [ -76.674123, 39.306268 ], [ -76.674142, 39.305682 ], [ -76.673682, 39.304243 ], [ -76.673563, 39.303264 ], [ -76.67421, 39.302373 ], [ -76.675441, 39.303517 ], [ -76.678912, 39.304989 ], [ -76.681403, 39.306571 ], [ -76.686431, 39.305348 ], [ -76.687203, 39.305491 ], [ -76.689039, 39.307783 ], [ -76.69036, 39.309557 ], [ -76.690004, 39.312386 ] ] ] } },
{ "type": "Feature", "properties": { "STATEFP": "24", "COUNTYFP": "510", "TRACTCE": "250303", "GEOIDFQ": "1400000US24510250303", "GEOID": "24510250303", "NAME": "2503.03", "NAMELSAD": "Census Tract 2503.03", "STUSPS": "MD", "NAMELSADCO": "Baltimore city", "STATE_NAME": "Maryland", "LSAD": "CT", "ALAND": 1004607, "AWATER": 30795 }, "geometry": { "type": "Polygon", "coordinates": [ [ [ -76.654996, 39.271192 ], [ -76.653264, 39.271539 ], [ -76.64737, 39.271164 ], [ -76.639054, 39.270421 ], [ -76.63733, 39.27014 ], [ -76.649834, 39.260314 ], [ -76.651677, 39.26097 ], [ -76.651693, 39.263463 ], [ -76.652073, 39.264642 ], [ -76.653422, 39.265822 ], [ -76.654239, 39.266995 ], [ -76.654996, 39.271192 ] ] ] } },
{ "type": "Feature", "properties": { "STATEFP": "24", "COUNTYFP": "510", "TRACTCE": "271802", "GEOIDFQ": "1400000US24510271802", "GEOID": "24510271802", "NAME": "2718.02", "NAMELSAD": "Census Tract 2718.02", "STUSPS": "MD", "NAMELSADCO": "Baltimore city", "STATE_NAME": "Maryland", "LSAD": "CT", "ALAND": 530270, "AWATER": 0 }, "geometry": { "type": "Polygon", "coordinates": [ [ [ -76.683519, 39.34294 ], [ -76.6808, 39.345951 ], [ -76.679601, 39.346735 ], [ -76.67936, 39.34689 ], [ -76.67596, 39.349028 ], [ -76.674044, 39.347923 ], [ -76.672669, 39.346575 ], [ -76.671397, 39.345195 ], [ -76.672386, 39.344643 ], [ -76.672549, 39.344261 ], [ -76.673848, 39.341026 ], [ -76.67671, 39.341841 ], [ -76.677745, 39.342136 ], [ -76.680993, 39.341688 ], [ -76.683519, 39.34294 ] ] ] } },
{ "type": "Feature", "properties": { "STATEFP": "24", "COUNTYFP": "510", "TRACTCE": "120201", "GEOIDFQ": "1400000US24510120201", "GEOID": "24510120201", "NAME": "1202.01", "NAMELSAD": "Census Tract 1202.01", "STUSPS": "MD", "NAMELSADCO": "Baltimore city", "STATE_NAME": "Maryland", "LSAD": "CT", "ALAND": 348020, "AWATER": 0 }, "geometry": { "type": "Polygon", "coordinates": [ [ [ -76.614979, 39.332664 ], [ -76.609476, 39.330965 ], [ -76.60943, 39.328495 ], [ -76.609428, 39.328314 ], [ -76.609426, 39.3254 ], [ -76.609456, 39.323443 ], [ -76.611136, 39.323466 ], [ -76.613226, 39.323381 ], [ -76.613546, 39.3284 ], [ -76.613646, 39.329922 ], [ -76.616221, 39.331527 ], [ -76.614979, 39.332664 ] ] ] } },
{ "type": "Feature", "properties": { "STATEFP": "24", "COUNTYFP": "510", "TRACTCE": "170300", "GEOIDFQ": "1400000US24510170300", "GEOID": "24510170300", "NAME": "1703", "NAMELSAD": "Census Tract 1703", "STUSPS": "MD", "NAMELSADCO": "Baltimore city", "STATE_NAME": "Maryland", "LSAD": "CT", "ALAND": 305829, "AWATER": 0 }, "geometry": { "type": "Polygon", "coordinates": [ [ [ -76.634475, 39.299142 ], [ -76.631732, 39.301181 ], [ -76.629665, 39.299518 ], [ -76.628616, 39.298666 ], [ -76.626159, 39.296653 ], [ -76.627291, 39.295635 ], [ -76.627688, 39.29463 ], [ -76.631922, 39.294458 ], [ -76.633261, 39.296886 ], [ -76.634475, 39.299142 ] ] ] } },
{ "type": "Feature", "properties": { "STATEFP": "24", "COUNTYFP": "510", "TRACTCE": "200702", "GEOIDFQ": "1400000US24510200702", "GEOID": "24510200702", "NAME": "2007.02", "NAMELSAD": "Census Tract 2007.02", "STUSPS": "MD", "NAMELSADCO": "Baltimore city", "STATE_NAME": "Maryland", "LSAD": "CT", "ALAND": 288171, "AWATER": 0 }, "geometry": { "type": "Polygon", "coordinates": [ [ [ -76.676368, 39.288165 ], [ -76.676279, 39.288107 ], [ -76.672982, 39.285805 ], [ -76.672316, 39.285832 ], [ -76.672275, 39.28486 ], [ -76.672167, 39.281087 ], [ -76.676208, 39.283123 ], [ -76.680813, 39.284149 ], [ -76.676368, 39.288165 ] ] ] } },
{ "type": "Feature", "properties": { "STATEFP": "24", "COUNTYFP": "510", "TRACTCE": "271700", "GEOIDFQ": "1400000US24510271700", "GEOID": "24510271700", "NAME": "2717", "NAMELSAD": "Census Tract 2717", "STUSPS": "MD", "NAMELSADCO": "Baltimore city", "STATE_NAME": "Maryland", "LSAD": "CT", "ALAND": 1734101, "AWATER": 0 }, "geometry": { "type": "Polygon", "coordinates": [ [ [ -76.683358, 39.351757 ], [ -76.678871, 39.354136 ], [ -76.675185, 39.355677 ], [ -76.672581, 39.356749 ], [ -76.670774, 39.356482 ], [ -76.670848, 39.356788 ], [ -76.665964, 39.357613 ], [ -76.663489, 39.355404 ], [ -76.660408, 39.355193 ], [ -76.659604, 39.350934 ], [ -76.659133, 39.347887 ], [ -76.659447, 39.346506 ], [ -76.661894, 39.346719 ], [ -76.665551, 39.346678 ], [ -76.668784, 39.346607 ], [ -76.668919, 39.346591 ], [ -76.671397, 39.345195 ], [ -76.672669, 39.346575 ], [ -76.674044, 39.347923 ], [ -76.67596, 39.349028 ], [ -76.681322, 39.350604 ], [ -76.683358, 39.351757 ] ] ] } },
{ "type": "Feature", "properties": { "STATEFP": "24", "COUNTYFP": "510", "TRACTCE": "270600", "GEOIDFQ": "1400000US24510270600", "GEOID": "24510270600", "NAME": "2706", "NAMELSAD": "Census Tract 2706", "STUSPS": "MD", "NAMELSADCO": "Baltimore city", "STATE_NAME": "Maryland", "LSAD": "CT", "ALAND": 1553593, "AWATER": 0 }, "geometry": { "type": "Polygon", "coordinates": [ [ [ -76.573541, 39.365126 ], [ -76.572247, 39.365409 ], [ -76.572298, 39.364707 ], [ -76.569197, 39.364566 ], [ -76.568269, 39.364621 ], [ -76.562529, 39.362991 ], [ -76.561605, 39.362648 ], [ -76.558607, 39.36268 ], [ -76.557859, 39.356511 ], [ -76.55917, 39.354999 ], [ -76.55986, 39.354183 ], [ -76.563355, 39.350138 ], [ -76.565726, 39.352393 ], [ -76.566612, 39.352787 ], [ -76.568117, 39.353064 ], [ -76.570315, 39.353439 ], [ -76.572549, 39.353808 ], [ -76.573015, 39.353903 ], [ -76.573117, 39.355529 ], [ -76.573541, 39.365126 ] ] ] } },
{ "type": "Feature", "properties": { "STATEFP": "24", "COUNTYFP": "510", "TRACTCE": "261000", "GEOIDFQ": "1400000US24510261000", "GEOID": "24510261000", "NAME": "2610", "NAMELSAD": "Census Tract 2610", "STUSPS": "MD", "NAMELSADCO": "Baltimore city", "STATE_NAME": "Maryland", "LSAD": "CT", "ALAND": 310026, "AWATER": 0 }, "geometry": { "type": "Polygon", "coordinates": [ [ [ -76.572661, 39.299237 ], [ -76.569911, 39.29935 ], [ -76.569869, 39.299202 ], [ -76.56974, 39.297225 ], [ -76.569462, 39.293066 ], [ -76.569413, 39.292487 ], [ -76.569334, 39.291336 ], [ -76.569306, 39.290867 ], [ -76.569091, 39.287565 ], [ -76.571607, 39.287477 ], [ -76.571669, 39.288471 ], [ -76.571839, 39.291243 ], [ -76.57238, 39.292381 ], [ -76.572468, 39.293504 ], [ -76.572565, 39.294777 ], [ -76.572579, 39.295644 ], [ -76.572597, 39.297115 ], [ -76.572661, 39.299237 ] ] ] } },
{ "type": "Feature", "properties": { "STATEFP": "24", "COUNTYFP": "510", "TRACTCE": "200500", "GEOIDFQ": "1400000US24510200500", "GEOID": "24510200500", "NAME": "2005", "NAMELSAD": "Census Tract 2005", "STUSPS": "MD", "NAMELSADCO": "Baltimore city", "STATE_NAME": "Maryland", "LSAD": "CT", "ALAND": 653068, "AWATER": 0 }, "geometry": { "type": "Polygon", "coordinates": [ [ [ -76.659026, 39.281384 ], [ -76.657872, 39.282141 ], [ -76.655928, 39.283405 ], [ -76.654538, 39.284213 ], [ -76.649969, 39.28578 ], [ -76.649878, 39.284164 ], [ -76.649772, 39.282387 ], [ -76.648776, 39.280557 ], [ -76.647977, 39.279075 ], [ -76.653548, 39.277069 ], [ -76.654919, 39.275524 ], [ -76.65664, 39.276256 ], [ -76.657608, 39.276041 ], [ -76.658684, 39.278057 ], [ -76.660175, 39.280657 ], [ -76.659026, 39.281384 ] ] ] } },
{ "type": "Feature", "properties": { "STATEFP": "24", "COUNTYFP": "510", "TRACTCE": "200800", "GEOIDFQ": "1400000US24510200800", "GEOID": "24510200800", "NAME": "2008", "NAMELSAD": "Census Tract 2008", "STUSPS": "MD", "NAMELSADCO": "Baltimore city", "STATE_NAME": "Maryland", "LSAD": "CT", "ALAND": 1067262, "AWATER": 0 }, "geometry": { "type": "Polygon", "coordinates": [ [ [ -76.686776, 39.287229 ], [ -76.681447, 39.284242 ], [ -76.680813, 39.284149 ], [ -76.676208, 39.283123 ], [ -76.672167, 39.281087 ], [ -76.672216, 39.280937 ], [ -76.67222, 39.280752 ], [ -76.67219, 39.280661 ], [ -76.671651, 39.27967 ], [ -76.671563, 39.275933 ], [ -76.675482, 39.274183 ], [ -76.676677, 39.274385 ], [ -76.679977, 39.27716 ], [ -76.681673, 39.276998 ], [ -76.683581, 39.276569 ], [ -76.685903, 39.27822 ], [ -76.68561, 39.281679 ], [ -76.686706, 39.281656 ], [ -76.686776, 39.287229 ] ] ] } },
{ "type": "Feature", "properties": { "STATEFP": "24", "COUNTYFP": "510", "TRACTCE": "260800", "GEOIDFQ": "1400000US24510260800", "GEOID": "24510260800", "NAME": "2608", "NAMELSAD": "Census Tract 2608", "STUSPS": "MD", "NAMELSADCO": "Baltimore city", "STATE_NAME": "Maryland", "LSAD": "CT", "ALAND": 311708, "AWATER": 0 }, "geometry": { "type": "Polygon", "coordinates": [ [ [ -76.569413, 39.292487 ], [ -76.562827, 39.292754 ], [ -76.562744, 39.291595 ], [ -76.562578, 39.288816 ], [ -76.562513, 39.287825 ], [ -76.569091, 39.287565 ], [ -76.569306, 39.290867 ], [ -76.569334, 39.291336 ], [ -76.569413, 39.292487 ] ] ] } },
{ "type": "Feature", "properties": { "STATEFP": "24", "COUNTYFP": "510", "TRACTCE": "010500", "GEOIDFQ": "1400000US24510010500", "GEOID": "24510010500", "NAME": "105", "NAMELSAD": "Census Tract 105", "STUSPS": "MD", "NAMELSADCO": "Baltimore city", "STATE_NAME": "Maryland", "LSAD": "CT", "ALAND": 155243, "AWATER": 0 }, "geometry": { "type": "Polygon", "coordinates": [ [ [ -76.587414, 39.291813 ], [ -76.584722, 39.291891 ], [ -76.584572, 39.289599 ], [ -76.584332, 39.285956 ], [ -76.587056, 39.285853 ], [ -76.587185, 39.287897 ], [ -76.587297, 39.289509 ], [ -76.587414, 39.291813 ] ] ] } },
{ "type": "Feature", "properties": { "STATEFP": "24", "COUNTYFP": "510", "TRACTCE": "260403", "GEOIDFQ": "1400000US24510260403", "GEOID": "24510260403", "NAME": "2604.03", "NAMELSAD": "Census Tract 2604.03", "STUSPS": "MD", "NAMELSADCO": "Baltimore city", "STATE_NAME": "Maryland", "LSAD": "CT", "ALAND": 1706884, "AWATER": 0 }, "geometry": { "type": "Polygon", "coordinates": [ [ [ -76.544698, 39.304559 ], [ -76.543118, 39.307352 ], [ -76.540029, 39.312792 ], [ -76.538793, 39.314253 ], [ -76.535294, 39.317681 ], [ -76.534414, 39.322306 ], [ -76.53241, 39.324568 ], [ -76.534104, 39.328295 ], [ -76.534112, 39.328893 ], [ -76.532977, 39.330558 ], [ -76.529685, 39.33115 ], [ -76.529685, 39.33028 ], [ -76.529686, 39.323264 ], [ -76.529971, 39.319565 ], [ -76.529786, 39.310391 ], [ -76.536411, 39.305962 ], [ -76.539257, 39.304629 ], [ -76.546089, 39.302548 ], [ -76.544698, 39.304559 ] ] ] } },
{ "type": "Feature", "properties": { "STATEFP": "24", "COUNTYFP": "510", "TRACTCE": "270302", "GEOIDFQ": "1400000US24510270302", "GEOID": "24510270302", "NAME": "2703.02", "NAMELSAD": "Census Tract 2703.02", "STUSPS": "MD", "NAMELSADCO": "Baltimore city", "STATE_NAME": "Maryland", "LSAD": "CT", "ALAND": 519259, "AWATER": 0 }, "geometry": { "type": "Polygon", "coordinates": [ [ [ -76.568678, 39.343216 ], [ -76.56618, 39.346778 ], [ -76.565937, 39.347063 ], [ -76.563355, 39.350138 ], [ -76.560885, 39.348354 ], [ -76.560257, 39.347685 ], [ -76.558147, 39.345185 ], [ -76.55939, 39.344439 ], [ -76.560887, 39.343606 ], [ -76.561687, 39.343016 ], [ -76.562998, 39.342016 ], [ -76.567424, 39.339556 ], [ -76.567956, 39.342076 ], [ -76.569136, 39.342826 ], [ -76.568678, 39.343216 ] ] ] } },
{ "type": "Feature", "properties": { "STATEFP": "24", "COUNTYFP": "510", "TRACTCE": "130200", "GEOIDFQ": "1400000US24510130200", "GEOID": "24510130200", "NAME": "1302", "NAMELSAD": "Census Tract 1302", "STUSPS": "MD", "NAMELSADCO": "Baltimore city", "STATE_NAME": "Maryland", "LSAD": "CT", "ALAND": 352623, "AWATER": 0 }, "geometry": { "type": "Polygon", "coordinates": [ [ [ -76.635049, 39.314196 ], [ -76.633913, 39.314402 ], [ -76.631412, 39.314419 ], [ -76.631388, 39.313644 ], [ -76.62961, 39.313745 ], [ -76.627862, 39.314749 ], [ -76.625574, 39.312345 ], [ -76.623277, 39.310848 ], [ -76.628003, 39.310574 ], [ -76.629938, 39.310496 ], [ -76.632189, 39.310386 ], [ -76.633658, 39.310341 ], [ -76.633896, 39.310335 ], [ -76.636683, 39.313246 ], [ -76.635049, 39.314196 ] ] ] } },
{ "type": "Feature", "properties": { "STATEFP": "24", "COUNTYFP": "510", "TRACTCE": "120600", "GEOIDFQ": "1400000US24510120600", "GEOID": "24510120600", "NAME": "1206", "NAMELSAD": "Census Tract 1206", "STUSPS": "MD", "NAMELSADCO": "Baltimore city", "STATE_NAME": "Maryland", "LSAD": "CT", "ALAND": 504967, "AWATER": 0 }, "geometry": { "type": "Polygon", "coordinates": [ [ [ -76.620114, 39.323152 ], [ -76.617364, 39.323207 ], [ -76.615743, 39.323287 ], [ -76.615665, 39.322003 ], [ -76.615589, 39.320712 ], [ -76.615526, 39.31942 ], [ -76.615302, 39.316413 ], [ -76.615273, 39.315363 ], [ -76.615176, 39.314292 ], [ -76.615132, 39.313279 ], [ -76.614955, 39.311065 ], [ -76.61583, 39.311041 ], [ -76.617915, 39.31099 ], [ -76.619354, 39.310956 ], [ -76.61932, 39.311435 ], [ -76.619559, 39.315159 ], [ -76.619908, 39.320531 ], [ -76.620114, 39.323152 ] ] ] } },
{ "type": "Feature", "properties": { "STATEFP": "24", "COUNTYFP": "510", "TRACTCE": "272007", "GEOIDFQ": "1400000US24510272007", "GEOID": "24510272007", "NAME": "2720.07", "NAMELSAD": "Census Tract 2720.07", "STUSPS": "MD", "NAMELSADCO": "Baltimore city", "STATE_NAME": "Maryland", "LSAD": "CT", "ALAND": 802298, "AWATER": 0 }, "geometry": { "type": "Polygon", "coordinates": [ [ [ -76.711519, 39.365763 ], [ -76.711313, 39.371933 ], [ -76.706869, 39.368097 ], [ -76.702834, 39.364819 ], [ -76.701481, 39.363732 ], [ -76.699798, 39.362363 ], [ -76.703228, 39.359702 ], [ -76.70083, 39.357891 ], [ -76.702446, 39.356246 ], [ -76.706918, 39.359658 ], [ -76.707751, 39.360323 ], [ -76.711191, 39.362798 ], [ -76.711403, 39.364615 ], [ -76.711519, 39.365763 ] ] ] } },
{ "type": "Feature", "properties": { "STATEFP": "24", "COUNTYFP": "510", "TRACTCE": "150702", "GEOIDFQ": "1400000US24510150702", "GEOID": "24510150702", "NAME": "1507.02", "NAMELSAD": "Census Tract 1507.02", "STUSPS": "MD", "NAMELSADCO": "Baltimore city", "STATE_NAME": "Maryland", "LSAD": "CT", "ALAND": 391519, "AWATER": 0 }, "geometry": { "type": "Polygon", "coordinates": [ [ [ -76.674418, 39.314163 ], [ -76.672681, 39.314219 ], [ -76.667868, 39.314404 ], [ -76.666091, 39.314458 ], [ -76.661728, 39.314727 ], [ -76.661319, 39.311446 ], [ -76.664137, 39.311374 ], [ -76.66591, 39.31132 ], [ -76.672505, 39.311077 ], [ -76.674239, 39.311032 ], [ -76.674418, 39.314163 ] ] ] } },
{ "type": "Feature", "properties": { "STATEFP": "24", "COUNTYFP": "510", "TRACTCE": "090400", "GEOIDFQ": "1400000US24510090400", "GEOID": "24510090400", "NAME": "904", "NAMELSAD": "Census Tract 904", "STUSPS": "MD", "NAMELSADCO": "Baltimore city", "STATE_NAME": "Maryland", "LSAD": "CT", "ALAND": 352240, "AWATER": 0 }, "geometry": { "type": "Polygon", "coordinates": [ [ [ -76.609532, 39.320922 ], [ -76.609484, 39.322149 ], [ -76.609456, 39.323443 ], [ -76.609426, 39.3254 ], [ -76.608864, 39.32647 ], [ -76.601468, 39.323707 ], [ -76.605812, 39.319457 ], [ -76.607873, 39.319552 ], [ -76.609509, 39.319519 ], [ -76.609532, 39.320922 ] ] ] } },
{ "type": "Feature", "properties": { "STATEFP": "24", "COUNTYFP": "510", "TRACTCE": "250102", "GEOIDFQ": "1400000US24510250102", "GEOID": "24510250102", "NAME": "2501.02", "NAMELSAD": "Census Tract 2501.02", "STUSPS": "MD", "NAMELSADCO": "Baltimore city", "STATE_NAME": "Maryland", "LSAD": "CT", "ALAND": 737636, "AWATER": 0 }, "geometry": { "type": "Polygon", "coordinates": [ [ [ -76.694633, 39.279374 ], [ -76.694546, 39.280063 ], [ -76.693682, 39.281443 ], [ -76.692931, 39.281469 ], [ -76.686706, 39.281656 ], [ -76.68561, 39.281679 ], [ -76.685903, 39.27822 ], [ -76.683581, 39.276569 ], [ -76.688192, 39.274505 ], [ -76.689454, 39.272116 ], [ -76.69268, 39.271824 ], [ -76.692922, 39.272496 ], [ -76.694154, 39.275294 ], [ -76.695724, 39.27794 ], [ -76.694633, 39.279374 ] ] ] } },
{ "type": "Feature", "properties": { "STATEFP": "24", "COUNTYFP": "510", "TRACTCE": "020100", "GEOIDFQ": "1400000US24510020100", "GEOID": "24510020100", "NAME": "201", "NAMELSAD": "Census Tract 201", "STUSPS": "MD", "NAMELSADCO": "Baltimore city", "STATE_NAME": "Maryland", "LSAD": "CT", "ALAND": 174536, "AWATER": 0 }, "geometry": { "type": "Polygon", "coordinates": [ [ [ -76.590468, 39.291679 ], [ -76.587414, 39.291813 ], [ -76.587297, 39.289509 ], [ -76.587185, 39.287897 ], [ -76.587056, 39.285853 ], [ -76.590113, 39.285735 ], [ -76.590344, 39.289387 ], [ -76.590468, 39.291679 ] ] ] } },
{ "type": "Feature", "properties": { "STATEFP": "24", "COUNTYFP": "510", "TRACTCE": "271503", "GEOIDFQ": "1400000US24510271503", "GEOID": "24510271503", "NAME": "2715.03", "NAMELSAD": "Census Tract 2715.03", "STUSPS": "MD", "NAMELSADCO": "Baltimore city", "STATE_NAME": "Maryland", "LSAD": "CT", "ALAND": 742763, "AWATER": 1671 }, "geometry": { "type": "Polygon", "coordinates": [ [ [ -76.650551, 39.360533 ], [ -76.648588, 39.361042 ], [ -76.646257, 39.361444 ], [ -76.643328, 39.35316 ], [ -76.642035, 39.348863 ], [ -76.640283, 39.343372 ], [ -76.642314, 39.344748 ], [ -76.644364, 39.3454 ], [ -76.647222, 39.345243 ], [ -76.646414, 39.350059 ], [ -76.64812, 39.354213 ], [ -76.649831, 39.356362 ], [ -76.650551, 39.360533 ] ] ] } },
{ "type": "Feature", "properties": { "STATEFP": "24", "COUNTYFP": "510", "TRACTCE": "120202", "GEOIDFQ": "1400000US24510120202", "GEOID": "24510120202", "NAME": "1202.02", "NAMELSAD": "Census Tract 1202.02", "STUSPS": "MD", "NAMELSADCO": "Baltimore city", "STATE_NAME": "Maryland", "LSAD": "CT", "ALAND": 981794, "AWATER": 0 }, "geometry": { "type": "Polygon", "coordinates": [ [ [ -76.625917, 39.331158 ], [ -76.624428, 39.33188 ], [ -76.62376, 39.333934 ], [ -76.624024, 39.336479 ], [ -76.62317, 39.335925 ], [ -76.617978, 39.33248 ], [ -76.616273, 39.331473 ], [ -76.616221, 39.331527 ], [ -76.613646, 39.329922 ], [ -76.613546, 39.3284 ], [ -76.613226, 39.323381 ], [ -76.615743, 39.323287 ], [ -76.617364, 39.323207 ], [ -76.620114, 39.323152 ], [ -76.620553, 39.324687 ], [ -76.62291, 39.326262 ], [ -76.625348, 39.326224 ], [ -76.624973, 39.327824 ], [ -76.625917, 39.331158 ] ] ] } },
{ "type": "Feature", "properties": { "STATEFP": "24", "COUNTYFP": "510", "TRACTCE": "040200", "GEOIDFQ": "1400000US24510040200", "GEOID": "24510040200", "NAME": "402", "NAMELSAD": "Census Tract 402", "STUSPS": "MD", "NAMELSADCO": "Baltimore city", "STATE_NAME": "Maryland", "LSAD": "CT", "ALAND": 435698, "AWATER": 0 }, "geometry": { "type": "Polygon", "coordinates": [ [ [ -76.628062, 39.287786 ], [ -76.627766, 39.288974 ], [ -76.627503, 39.290128 ], [ -76.627688, 39.29463 ], [ -76.622638, 39.294812 ], [ -76.62233, 39.289245 ], [ -76.622129, 39.286257 ], [ -76.627539, 39.286057 ], [ -76.628021, 39.287165 ], [ -76.628062, 39.287786 ] ] ] } },
{ "type": "Feature", "properties": { "STATEFP": "24", "COUNTYFP": "510", "TRACTCE": "080400", "GEOIDFQ": "1400000US24510080400", "GEOID": "24510080400", "NAME": "804", "NAMELSAD": "Census Tract 804", "STUSPS": "MD", "NAMELSADCO": "Baltimore city", "STATE_NAME": "Maryland", "LSAD": "CT", "ALAND": 250976, "AWATER": 0 }, "geometry": { "type": "Polygon", "coordinates": [ [ [ -76.588507, 39.308679 ], [ -76.587394, 39.30885 ], [ -76.585764, 39.308887 ], [ -76.584365, 39.308929 ], [ -76.584175, 39.30578 ], [ -76.583901, 39.302313 ], [ -76.585358, 39.302297 ], [ -76.586519, 39.302495 ], [ -76.588135, 39.303218 ], [ -76.58825, 39.305106 ], [ -76.588286, 39.30564 ], [ -76.588507, 39.308679 ] ] ] } },
{ "type": "Feature", "properties": { "STATEFP": "24", "COUNTYFP": "510", "TRACTCE": "080700", "GEOIDFQ": "1400000US24510080700", "GEOID": "24510080700", "NAME": "807", "NAMELSAD": "Census Tract 807", "STUSPS": "MD", "NAMELSADCO": "Baltimore city", "STATE_NAME": "Maryland", "LSAD": "CT", "ALAND": 298756, "AWATER": 0 }, "geometry": { "type": "Polygon", "coordinates": [ [ [ -76.598278, 39.308425 ], [ -76.592846, 39.308641 ], [ -76.588483, 39.308805 ], [ -76.588507, 39.308679 ], [ -76.588286, 39.30564 ], [ -76.592521, 39.305452 ], [ -76.598069, 39.305222 ], [ -76.598278, 39.308425 ] ] ] } },
{ "type": "Feature", "properties": { "STATEFP": "24", "COUNTYFP": "510", "TRACTCE": "280200", "GEOIDFQ": "1400000US24510280200", "GEOID": "24510280200", "NAME": "2802", "NAMELSAD": "Census Tract 2802", "STUSPS": "MD", "NAMELSADCO": "Baltimore city", "STATE_NAME": "Maryland", "LSAD": "CT", "ALAND": 2413240, "AWATER": 0 }, "geometry": { "type": "Polygon", "coordinates": [ [ [ -76.711393, 39.322005 ], [ -76.711393, 39.326955 ], [ -76.711391, 39.327216 ], [ -76.711462, 39.334573 ], [ -76.711025, 39.336333 ], [ -76.710851, 39.336314 ], [ -76.70867, 39.335555 ], [ -76.705367, 39.334445 ], [ -76.703074, 39.333732 ], [ -76.700637, 39.332962 ], [ -76.694259, 39.33092 ], [ -76.68858, 39.329184 ], [ -76.687421, 39.328837 ], [ -76.690069, 39.323586 ], [ -76.690198, 39.323552 ], [ -76.70002, 39.320303 ], [ -76.70177, 39.319596 ], [ -76.704518, 39.322023 ], [ -76.708393, 39.321805 ], [ -76.711493, 39.320805 ], [ -76.711393, 39.322005 ] ] ] } },
{ "type": "Feature", "properties": { "STATEFP": "24", "COUNTYFP": "510", "TRACTCE": "260102", "GEOIDFQ": "1400000US24510260102", "GEOID": "24510260102", "NAME": "2601.02", "NAMELSAD": "Census Tract 2601.02", "STUSPS": "MD", "NAMELSADCO": "Baltimore city", "STATE_NAME": "Maryland", "LSAD": "CT", "ALAND": 1451520, "AWATER": 0 }, "geometry": { "type": "Polygon", "coordinates": [ [ [ -76.55166, 39.338122 ], [ -76.547409, 39.341103 ], [ -76.545574, 39.342364 ], [ -76.541467, 39.339465 ], [ -76.540625, 39.337798 ], [ -76.53896, 39.336832 ], [ -76.537755, 39.336732 ], [ -76.535872, 39.336957 ], [ -76.533694, 39.337208 ], [ -76.530318, 39.335969 ], [ -76.529693, 39.336142 ], [ -76.52968, 39.335246 ], [ -76.529685, 39.33115 ], [ -76.532977, 39.330558 ], [ -76.534533, 39.33028 ], [ -76.535007, 39.330198 ], [ -76.541721, 39.329213 ], [ -76.543521, 39.331136 ], [ -76.543988, 39.331596 ], [ -76.547481, 39.333472 ], [ -76.548004, 39.333966 ], [ -76.548533, 39.335248 ], [ -76.55166, 39.338122 ] ] ] } },
{ "type": "Feature", "properties": { "STATEFP": "24", "COUNTYFP": "510", "TRACTCE": "060200", "GEOIDFQ": "1400000US24510060200", "GEOID": "24510060200", "NAME": "602", "NAMELSAD": "Census Tract 602", "STUSPS": "MD", "NAMELSADCO": "Baltimore city", "STATE_NAME": "Maryland", "LSAD": "CT", "ALAND": 257735, "AWATER": 0 }, "geometry": { "type": "Polygon", "coordinates": [ [ [ -76.583585, 39.296687 ], [ -76.582169, 39.296752 ], [ -76.580754, 39.29679 ], [ -76.580041, 39.296817 ], [ -76.577955, 39.296911 ], [ -76.577783, 39.294582 ], [ -76.577623, 39.292178 ], [ -76.579727, 39.292099 ], [ -76.581886, 39.292012 ], [ -76.583325, 39.291956 ], [ -76.583456, 39.294361 ], [ -76.583585, 39.296687 ] ] ] } },
{ "type": "Feature", "properties": { "STATEFP": "24", "COUNTYFP": "510", "TRACTCE": "271002", "GEOIDFQ": "1400000US24510271002", "GEOID": "24510271002", "NAME": "2710.02", "NAMELSAD": "Census Tract 2710.02", "STUSPS": "MD", "NAMELSADCO": "Baltimore city", "STATE_NAME": "Maryland", "LSAD": "CT", "ALAND": 955654, "AWATER": 0 }, "geometry": { "type": "Polygon", "coordinates": [ [ [ -76.609953, 39.355503 ], [ -76.602334, 39.354711 ], [ -76.598289, 39.354166 ], [ -76.599729, 39.345149 ], [ -76.604196, 39.345577 ], [ -76.604941, 39.345747 ], [ -76.605411, 39.345859 ], [ -76.609682, 39.346177 ], [ -76.609788, 39.350145 ], [ -76.60984, 39.351952 ], [ -76.609881, 39.352801 ], [ -76.609928, 39.354331 ], [ -76.609953, 39.355503 ] ] ] } },
{ "type": "Feature", "properties": { "STATEFP": "24", "COUNTYFP": "510", "TRACTCE": "160400", "GEOIDFQ": "1400000US24510160400", "GEOID": "24510160400", "NAME": "1604", "NAMELSAD": "Census Tract 1604", "STUSPS": "MD", "NAMELSADCO": "Baltimore city", "STATE_NAME": "Maryland", "LSAD": "CT", "ALAND": 389583, "AWATER": 0 }, "geometry": { "type": "Polygon", "coordinates": [ [ [ -76.651354, 39.298638 ], [ -76.650177, 39.30107 ], [ -76.647717, 39.302305 ], [ -76.647787, 39.303062 ], [ -76.646118, 39.303112 ], [ -76.645997, 39.300961 ], [ -76.645868, 39.298803 ], [ -76.645808, 39.297629 ], [ -76.64552, 39.293895 ], [ -76.650383, 39.293698 ], [ -76.650477, 39.295072 ], [ -76.650607, 39.298663 ], [ -76.651354, 39.298638 ] ] ] } },
{ "type": "Feature", "properties": { "STATEFP": "24", "COUNTYFP": "510", "TRACTCE": "240300", "GEOIDFQ": "1400000US24510240300", "GEOID": "24510240300", "NAME": "2403", "NAMELSAD": "Census Tract 2403", "STUSPS": "MD", "NAMELSADCO": "Baltimore city", "STATE_NAME": "Maryland", "LSAD": "CT", "ALAND": 200576, "AWATER": 0 }, "geometry": { "type": "Polygon", "coordinates": [ [ [ -76.612623, 39.27889 ], [ -76.609234, 39.278994 ], [ -76.609034, 39.277376 ], [ -76.608891, 39.276344 ], [ -76.608592, 39.274266 ], [ -76.608388, 39.272851 ], [ -76.611754, 39.2727 ], [ -76.611843, 39.273257 ], [ -76.612049, 39.2747 ], [ -76.612227, 39.276019 ], [ -76.612623, 39.27889 ] ] ] } },
{ "type": "Feature", "properties": { "STATEFP": "24", "COUNTYFP": "510", "TRACTCE": "210100", "GEOIDFQ": "1400000US24510210100", "GEOID": "24510210100", "NAME": "2101", "NAMELSAD": "Census Tract 2101", "STUSPS": "MD", "NAMELSADCO": "Baltimore city", "STATE_NAME": "Maryland", "LSAD": "CT", "ALAND": 1288245, "AWATER": 192308 }, "geometry": { "type": "Polygon", "coordinates": [ [ [ -76.634597, 39.277969 ], [ -76.630343, 39.281257 ], [ -76.632531, 39.282893 ], [ -76.633493, 39.283618 ], [ -76.628883, 39.283794 ], [ -76.629019, 39.286009 ], [ -76.627539, 39.286057 ], [ -76.625384, 39.282235 ], [ -76.623186, 39.281238 ], [ -76.620207, 39.28027 ], [ -76.61979, 39.280205 ], [ -76.618999, 39.279052 ], [ -76.619237, 39.278248 ], [ -76.62013, 39.276446 ], [ -76.620945, 39.274549 ], [ -76.623596, 39.269332 ], [ -76.625855, 39.268189 ], [ -76.626561, 39.268201 ], [ -76.633472, 39.269545 ], [ -76.631928, 39.270884 ], [ -76.628731, 39.273467 ], [ -76.632848, 39.276638 ], [ -76.633711, 39.277282 ], [ -76.634597, 39.277969 ] ] ] } },
{ "type": "Feature", "properties": { "STATEFP": "24", "COUNTYFP": "510", "TRACTCE": "030100", "GEOIDFQ": "1400000US24510030100", "GEOID": "24510030100", "NAME": "301", "NAMELSAD": "Census Tract 301", "STUSPS": "MD", "NAMELSADCO": "Baltimore city", "STATE_NAME": "Maryland", "LSAD": "CT", "ALAND": 427427, "AWATER": 0 }, "geometry": { "type": "Polygon", "coordinates": [ [ [ -76.599687, 39.292536 ], [ -76.594816, 39.293949 ], [ -76.594117, 39.293968 ], [ -76.593944, 39.291542 ], [ -76.593869, 39.290399 ], [ -76.593803, 39.289257 ], [ -76.593557, 39.285578 ], [ -76.599227, 39.285337 ], [ -76.599415, 39.288364 ], [ -76.599565, 39.290217 ], [ -76.599687, 39.292536 ] ] ] } },
{ "type": "Feature", "properties": { "STATEFP": "24", "COUNTYFP": "510", "TRACTCE": "120300", "GEOIDFQ": "1400000US24510120300", "GEOID": "24510120300", "NAME": "1203", "NAMELSAD": "Census Tract 1203", "STUSPS": "MD", "NAMELSADCO": "Baltimore city", "STATE_NAME": "Maryland", "LSAD": "CT", "ALAND": 403945, "AWATER": 0 }, "geometry": { "type": "Polygon", "coordinates": [ [ [ -76.615743, 39.323287 ], [ -76.613226, 39.323381 ], [ -76.611136, 39.323466 ], [ -76.609456, 39.323443 ], [ -76.609484, 39.322149 ], [ -76.609532, 39.320922 ], [ -76.609509, 39.319519 ], [ -76.609464, 39.318111 ], [ -76.60949, 39.316234 ], [ -76.611292, 39.316558 ], [ -76.615302, 39.316413 ], [ -76.615526, 39.31942 ], [ -76.615589, 39.320712 ], [ -76.615665, 39.322003 ], [ -76.615743, 39.323287 ] ] ] } },
{ "type": "Feature", "properties": { "STATEFP": "24", "COUNTYFP": "510", "TRACTCE": "260402", "GEOIDFQ": "1400000US24510260402", "GEOID": "24510260402", "NAME": "2604.02", "NAMELSAD": "Census Tract 2604.02", "STUSPS": "MD", "NAMELSADCO": "Baltimore city", "STATE_NAME": "Maryland", "LSAD": "CT", "ALAND": 1338498, "AWATER": 0 }, "geometry": { "type": "Polygon", "coordinates": [ [ [ -76.549349, 39.31374 ], [ -76.548938, 39.315888 ], [ -76.548136, 39.316256 ], [ -76.540459, 39.321218 ], [ -76.536023, 39.326705 ], [ -76.534104, 39.328295 ], [ -76.53241, 39.324568 ], [ -76.534414, 39.322306 ], [ -76.535294, 39.317681 ], [ -76.538793, 39.314253 ], [ -76.540029, 39.312792 ], [ -76.543118, 39.307352 ], [ -76.546903, 39.309604 ], [ -76.547918, 39.311196 ], [ -76.550387, 39.311318 ], [ -76.549349, 39.31374 ] ] ] } },
{ "type": "Feature", "properties": { "STATEFP": "24", "COUNTYFP": "510", "TRACTCE": "080102", "GEOIDFQ": "1400000US24510080102", "GEOID": "24510080102", "NAME": "801.02", "NAMELSAD": "Census Tract 801.02", "STUSPS": "MD", "NAMELSADCO": "Baltimore city", "STATE_NAME": "Maryland", "LSAD": "CT", "ALAND": 365633, "AWATER": 0 }, "geometry": { "type": "Polygon", "coordinates": [ [ [ -76.581813, 39.314553 ], [ -76.578871, 39.317108 ], [ -76.574591, 39.320865 ], [ -76.573745, 39.321612 ], [ -76.571729, 39.320259 ], [ -76.572969, 39.317075 ], [ -76.573137, 39.314474 ], [ -76.573145, 39.314316 ], [ -76.582164, 39.314243 ], [ -76.581813, 39.314553 ] ] ] } },
{ "type": "Feature", "properties": { "STATEFP": "24", "COUNTYFP": "510", "TRACTCE": "200300", "GEOIDFQ": "1400000US24510200300", "GEOID": "24510200300", "NAME": "2003", "NAMELSAD": "Census Tract 2003", "STUSPS": "MD", "NAMELSADCO": "Baltimore city", "STATE_NAME": "Maryland", "LSAD": "CT", "ALAND": 244150, "AWATER": 0 }, "geometry": { "type": "Polygon", "coordinates": [ [ [ -76.650095, 39.288029 ], [ -76.646959, 39.288148 ], [ -76.646719, 39.284242 ], [ -76.646426, 39.279489 ], [ -76.647977, 39.279075 ], [ -76.648776, 39.280557 ], [ -76.649772, 39.282387 ], [ -76.649878, 39.284164 ], [ -76.649969, 39.28578 ], [ -76.650095, 39.288029 ] ] ] } },
{ "type": "Feature", "properties": { "STATEFP": "24", "COUNTYFP": "510", "TRACTCE": "271300", "GEOIDFQ": "1400000US24510271300", "GEOID": "24510271300", "NAME": "2713", "NAMELSAD": "Census Tract 2713", "STUSPS": "MD", "NAMELSADCO": "Baltimore city", "STATE_NAME": "Maryland", "LSAD": "CT", "ALAND": 2861714, "AWATER": 3175 }, "geometry": { "type": "Polygon", "coordinates": [ [ [ -76.649041, 39.372181 ], [ -76.646926, 39.372006 ], [ -76.633944, 39.372009 ], [ -76.634218, 39.369374 ], [ -76.63159, 39.368707 ], [ -76.631666, 39.365489 ], [ -76.628037, 39.365859 ], [ -76.629483, 39.361881 ], [ -76.630267, 39.35861 ], [ -76.629227, 39.353429 ], [ -76.632222, 39.353076 ], [ -76.634064, 39.353133 ], [ -76.637464, 39.353843 ], [ -76.639668, 39.353044 ], [ -76.643328, 39.35316 ], [ -76.646257, 39.361444 ], [ -76.649353, 39.370648 ], [ -76.649041, 39.372181 ] ] ] } },
{ "type": "Feature", "properties": { "STATEFP": "24", "COUNTYFP": "510", "TRACTCE": "150500", "GEOIDFQ": "1400000US24510150500", "GEOID": "24510150500", "NAME": "1505", "NAMELSAD": "Census Tract 1505", "STUSPS": "MD", "NAMELSADCO": "Baltimore city", "STATE_NAME": "Maryland", "LSAD": "CT", "ALAND": 960450, "AWATER": 9673 }, "geometry": { "type": "Polygon", "coordinates": [ [ [ -76.664776, 39.322194 ], [ -76.66414, 39.325972 ], [ -76.664302, 39.327512 ], [ -76.661594, 39.326914 ], [ -76.658867, 39.327068 ], [ -76.657842, 39.325713 ], [ -76.657528, 39.325453 ], [ -76.657105, 39.324785 ], [ -76.652477, 39.318549 ], [ -76.652014, 39.31805 ], [ -76.650494, 39.316704 ], [ -76.651958, 39.315746 ], [ -76.657701, 39.315812 ], [ -76.659779, 39.315224 ], [ -76.664217, 39.320289 ], [ -76.664776, 39.322194 ] ] ] } },
{ "type": "Feature", "properties": { "STATEFP": "24", "COUNTYFP": "510", "TRACTCE": "090100", "GEOIDFQ": "1400000US24510090100", "GEOID": "24510090100", "NAME": "901", "NAMELSAD": "Census Tract 901", "STUSPS": "MD", "NAMELSADCO": "Baltimore city", "STATE_NAME": "Maryland", "LSAD": "CT", "ALAND": 657875, "AWATER": 0 }, "geometry": { "type": "Polygon", "coordinates": [ [ [ -76.6096, 39.340181 ], [ -76.607667, 39.339677 ], [ -76.605414, 39.340458 ], [ -76.600866, 39.340416 ], [ -76.600211, 39.340064 ], [ -76.600132, 39.33924 ], [ -76.599439, 39.337964 ], [ -76.595443, 39.33403 ], [ -76.600197, 39.334038 ], [ -76.604485, 39.33404 ], [ -76.607147, 39.334061 ], [ -76.607537, 39.334483 ], [ -76.609508, 39.334456 ], [ -76.609533, 39.338665 ], [ -76.60958, 39.339798 ], [ -76.6096, 39.340181 ] ] ] } },
{ "type": "Feature", "properties": { "STATEFP": "24", "COUNTYFP": "510", "TRACTCE": "271801", "GEOIDFQ": "1400000US24510271801", "GEOID": "24510271801", "NAME": "2718.01", "NAMELSAD": "Census Tract 2718.01", "STUSPS": "MD", "NAMELSADCO": "Baltimore city", "STATE_NAME": "Maryland", "LSAD": "CT", "ALAND": 557962, "AWATER": 0 }, "geometry": { "type": "Polygon", "coordinates": [ [ [ -76.687608, 39.349407 ], [ -76.685732, 39.350438 ], [ -76.683358, 39.351757 ], [ -76.681322, 39.350604 ], [ -76.67596, 39.349028 ], [ -76.67936, 39.34689 ], [ -76.679601, 39.346735 ], [ -76.6808, 39.345951 ], [ -76.683519, 39.34294 ], [ -76.686399, 39.344979 ], [ -76.690059, 39.347585 ], [ -76.687608, 39.349407 ] ] ] } },
{ "type": "Feature", "properties": { "STATEFP": "24", "COUNTYFP": "510", "TRACTCE": "200400", "GEOIDFQ": "1400000US24510200400", "GEOID": "24510200400", "NAME": "2004", "NAMELSAD": "Census Tract 2004", "STUSPS": "MD", "NAMELSADCO": "Baltimore city", "STATE_NAME": "Maryland", "LSAD": "CT", "ALAND": 387906, "AWATER": 0 }, "geometry": { "type": "Polygon", "coordinates": [ [ [ -76.662328, 39.28751 ], [ -76.658829, 39.287665 ], [ -76.656222, 39.287814 ], [ -76.652869, 39.287911 ], [ -76.650095, 39.288029 ], [ -76.649969, 39.28578 ], [ -76.654538, 39.284213 ], [ -76.655928, 39.283405 ], [ -76.657872, 39.282141 ], [ -76.659026, 39.281384 ], [ -76.65986, 39.282321 ], [ -76.659259, 39.285763 ], [ -76.659436, 39.2862 ], [ -76.662924, 39.287424 ], [ -76.662328, 39.28751 ] ] ] } },
{ "type": "Feature", "properties": { "STATEFP": "24", "COUNTYFP": "510", "TRACTCE": "100300", "GEOIDFQ": "1400000US24510100300", "GEOID": "24510100300", "NAME": "1003", "NAMELSAD": "Census Tract 1003", "STUSPS": "MD", "NAMELSADCO": "Baltimore city", "STATE_NAME": "Maryland", "LSAD": "CT", "ALAND": 156309, "AWATER": 0 }, "geometry": { "type": "Polygon", "coordinates": [ [ [ -76.611551, 39.301224 ], [ -76.61096, 39.301248 ], [ -76.607269, 39.301361 ], [ -76.606332, 39.297912 ], [ -76.611313, 39.297707 ], [ -76.611551, 39.301224 ] ] ] } },
{ "type": "Feature", "properties": { "STATEFP": "24", "COUNTYFP": "510", "TRACTCE": "130803", "GEOIDFQ": "1400000US24510130803", "GEOID": "24510130803", "NAME": "1308.03", "NAMELSAD": "Census Tract 1308.03", "STUSPS": "MD", "NAMELSADCO": "Baltimore city", "STATE_NAME": "Maryland", "LSAD": "CT", "ALAND": 693566, "AWATER": 0 }, "geometry": { "type": "Polygon", "coordinates": [ [ [ -76.647767, 39.339615 ], [ -76.647222, 39.345243 ], [ -76.644364, 39.3454 ], [ -76.642314, 39.344748 ], [ -76.640283, 39.343372 ], [ -76.639511, 39.341087 ], [ -76.638982, 39.340027 ], [ -76.637361, 39.337635 ], [ -76.640385, 39.336448 ], [ -76.644627, 39.334753 ], [ -76.647326, 39.33837 ], [ -76.647767, 39.339615 ] ] ] } },
{ "type": "Feature", "properties": { "STATEFP": "24", "COUNTYFP": "510", "TRACTCE": "190200", "GEOIDFQ": "1400000US24510190200", "GEOID": "24510190200", "NAME": "1902", "NAMELSAD": "Census Tract 1902", "STUSPS": "MD", "NAMELSADCO": "Baltimore city", "STATE_NAME": "Maryland", "LSAD": "CT", "ALAND": 266105, "AWATER": 0 }, "geometry": { "type": "Polygon", "coordinates": [ [ [ -76.642413, 39.288373 ], [ -76.640997, 39.28844 ], [ -76.638166, 39.288566 ], [ -76.638101, 39.287556 ], [ -76.637984, 39.285587 ], [ -76.637843, 39.282788 ], [ -76.638979, 39.282402 ], [ -76.641861, 39.280991 ], [ -76.641988, 39.281604 ], [ -76.642168, 39.284421 ], [ -76.642197, 39.285389 ], [ -76.642413, 39.288373 ] ] ] } },
{ "type": "Feature", "properties": { "STATEFP": "24", "COUNTYFP": "510", "TRACTCE": "270802", "GEOIDFQ": "1400000US24510270802", "GEOID": "24510270802", "NAME": "2708.02", "NAMELSAD": "Census Tract 2708.02", "STUSPS": "MD", "NAMELSADCO": "Baltimore city", "STATE_NAME": "Maryland", "LSAD": "CT", "ALAND": 1099564, "AWATER": 0 }, "geometry": { "type": "Polygon", "coordinates": [ [ [ -76.599283, 39.365912 ], [ -76.595308, 39.366802 ], [ -76.593337, 39.367001 ], [ -76.590632, 39.366603 ], [ -76.586604, 39.36604 ], [ -76.58551, 39.366039 ], [ -76.586309, 39.364381 ], [ -76.587754, 39.361281 ], [ -76.589582, 39.357315 ], [ -76.589561, 39.355418 ], [ -76.592136, 39.354367 ], [ -76.593326, 39.354131 ], [ -76.594666, 39.354075 ], [ -76.595172, 39.355519 ], [ -76.597752, 39.358535 ], [ -76.598102, 39.359909 ], [ -76.597883, 39.36314 ], [ -76.599283, 39.365912 ] ] ] } },
{ "type": "Feature", "properties": { "STATEFP": "24", "COUNTYFP": "510", "TRACTCE": "260700", "GEOIDFQ": "1400000US24510260700", "GEOID": "24510260700", "NAME": "2607", "NAMELSAD": "Census Tract 2607", "STUSPS": "MD", "NAMELSADCO": "Baltimore city", "STATE_NAME": "Maryland", "LSAD": "CT", "ALAND": 785731, "AWATER": 0 }, "geometry": { "type": "Polygon", "coordinates": [ [ [ -76.562744, 39.291595 ], [ -76.557417, 39.291799 ], [ -76.554992, 39.291911 ], [ -76.555724, 39.291783 ], [ -76.554135, 39.288054 ], [ -76.554983, 39.287127 ], [ -76.5548, 39.284053 ], [ -76.554644, 39.282287 ], [ -76.554581, 39.280977 ], [ -76.562057, 39.280707 ], [ -76.562123, 39.281749 ], [ -76.562312, 39.284791 ], [ -76.562513, 39.287825 ], [ -76.562578, 39.288816 ], [ -76.562744, 39.291595 ] ] ] } },
{ "type": "Feature", "properties": { "STATEFP": "24", "COUNTYFP": "510", "TRACTCE": "170100", "GEOIDFQ": "1400000US24510170100", "GEOID": "24510170100", "NAME": "1701", "NAMELSAD": "Census Tract 1701", "STUSPS": "MD", "NAMELSADCO": "Baltimore city", "STATE_NAME": "Maryland", "LSAD": "CT", "ALAND": 282140, "AWATER": 0 }, "geometry": { "type": "Polygon", "coordinates": [ [ [ -76.627291, 39.295635 ], [ -76.626159, 39.296653 ], [ -76.624049, 39.298357 ], [ -76.621822, 39.300465 ], [ -76.620269, 39.301757 ], [ -76.620174, 39.301142 ], [ -76.620036, 39.29843 ], [ -76.619983, 39.297359 ], [ -76.61992, 39.296261 ], [ -76.619819, 39.294931 ], [ -76.622638, 39.294812 ], [ -76.627688, 39.29463 ], [ -76.627291, 39.295635 ] ] ] } },
{ "type": "Feature", "properties": { "STATEFP": "24", "COUNTYFP": "510", "TRACTCE": "260604", "GEOIDFQ": "1400000US24510260604", "GEOID": "24510260604", "NAME": "2606.04", "NAMELSAD": "Census Tract 2606.04", "STUSPS": "MD", "NAMELSADCO": "Baltimore city", "STATE_NAME": "Maryland", "LSAD": "CT", "ALAND": 503666, "AWATER": 0 }, "geometry": { "type": "Polygon", "coordinates": [ [ [ -76.543805, 39.281443 ], [ -76.540512, 39.281573 ], [ -76.535704, 39.281793 ], [ -76.534252, 39.279079 ], [ -76.533504, 39.277541 ], [ -76.53517, 39.275271 ], [ -76.537924, 39.27484 ], [ -76.538005, 39.276466 ], [ -76.54364, 39.276282 ], [ -76.543647, 39.276497 ], [ -76.543738, 39.277931 ], [ -76.543667, 39.278628 ], [ -76.543805, 39.281443 ] ] ] } },
{ "type": "Feature", "properties": { "STATEFP": "24", "COUNTYFP": "510", "TRACTCE": "271900", "GEOIDFQ": "1400000US24510271900", "GEOID": "24510271900", "NAME": "2719", "NAMELSAD": "Census Tract 2719", "STUSPS": "MD", "NAMELSADCO": "Baltimore city", "STATE_NAME": "Maryland", "LSAD": "CT", "ALAND": 1398986, "AWATER": 0 }, "geometry": { "type": "Polygon", "coordinates": [ [ [ -76.695355, 39.351254 ], [ -76.691712, 39.353942 ], [ -76.688144, 39.35576 ], [ -76.682956, 39.358518 ], [ -76.679151, 39.360532 ], [ -76.675658, 39.362375 ], [ -76.673109, 39.364244 ], [ -76.672967, 39.36408 ], [ -76.671325, 39.362076 ], [ -76.671748, 39.360952 ], [ -76.670848, 39.356788 ], [ -76.670774, 39.356482 ], [ -76.672581, 39.356749 ], [ -76.675185, 39.355677 ], [ -76.678871, 39.354136 ], [ -76.683358, 39.351757 ], [ -76.685732, 39.350438 ], [ -76.687608, 39.349407 ], [ -76.690059, 39.347585 ], [ -76.691839, 39.348808 ], [ -76.695355, 39.351254 ] ] ] } },
{ "type": "Feature", "properties": { "STATEFP": "24", "COUNTYFP": "510", "TRACTCE": "080302", "GEOIDFQ": "1400000US24510080302", "GEOID": "24510080302", "NAME": "803.02", "NAMELSAD": "Census Tract 803.02", "STUSPS": "MD", "NAMELSADCO": "Baltimore city", "STATE_NAME": "Maryland", "LSAD": "CT", "ALAND": 439533, "AWATER": 0 }, "geometry": { "type": "Polygon", "coordinates": [ [ [ -76.580103, 39.30906 ], [ -76.575875, 39.309241 ], [ -76.573046, 39.309338 ], [ -76.572793, 39.302721 ], [ -76.578278, 39.302549 ], [ -76.579704, 39.302482 ], [ -76.579852, 39.304889 ], [ -76.579921, 39.305941 ], [ -76.580103, 39.30906 ] ] ] } },
{ "type": "Feature", "properties": { "STATEFP": "24", "COUNTYFP": "510", "TRACTCE": "260303", "GEOIDFQ": "1400000US24510260303", "GEOID": "24510260303", "NAME": "2603.03", "NAMELSAD": "Census Tract 2603.03", "STUSPS": "MD", "NAMELSADCO": "Baltimore city", "STATE_NAME": "Maryland", "LSAD": "CT", "ALAND": 1218862, "AWATER": 0 }, "geometry": { "type": "Polygon", "coordinates": [ [ [ -76.573137, 39.314474 ], [ -76.570447, 39.313451 ], [ -76.567713, 39.313531 ], [ -76.566407, 39.313561 ], [ -76.563668, 39.313642 ], [ -76.559314, 39.315315 ], [ -76.557123, 39.316561 ], [ -76.555024, 39.317956 ], [ -76.552311, 39.316808 ], [ -76.549152, 39.316351 ], [ -76.548938, 39.315888 ], [ -76.549349, 39.31374 ], [ -76.550387, 39.311318 ], [ -76.552046, 39.311094 ], [ -76.55361, 39.310102 ], [ -76.554023, 39.310807 ], [ -76.560536, 39.309058 ], [ -76.565478, 39.30897 ], [ -76.568615, 39.309379 ], [ -76.573046, 39.309338 ], [ -76.573145, 39.314316 ], [ -76.573137, 39.314474 ] ] ] } },
{ "type": "Feature", "properties": { "STATEFP": "24", "COUNTYFP": "510", "TRACTCE": "240200", "GEOIDFQ": "1400000US24510240200", "GEOID": "24510240200", "NAME": "2402", "NAMELSAD": "Census Tract 2402", "STUSPS": "MD", "NAMELSADCO": "Baltimore city", "STATE_NAME": "Maryland", "LSAD": "CT", "ALAND": 435843, "AWATER": 311903 }, "geometry": { "type": "Polygon", "coordinates": [ [ [ -76.609234, 39.278994 ], [ -76.606433, 39.279228 ], [ -76.604293, 39.279303 ], [ -76.602788, 39.279806 ], [ -76.602588, 39.279506 ], [ -76.598977, 39.276916 ], [ -76.595079, 39.277199 ], [ -76.598908, 39.2708 ], [ -76.599699, 39.271093 ], [ -76.605158, 39.272981 ], [ -76.606712, 39.272908 ], [ -76.608388, 39.272851 ], [ -76.608592, 39.274266 ], [ -76.608891, 39.276344 ], [ -76.609034, 39.277376 ], [ -76.609234, 39.278994 ] ] ] } },
{ "type": "Feature", "properties": { "STATEFP": "24", "COUNTYFP": "510", "TRACTCE": "271001", "GEOIDFQ": "1400000US24510271001", "GEOID": "24510271001", "NAME": "2710.01", "NAMELSAD": "Census Tract 2710.01", "STUSPS": "MD", "NAMELSADCO": "Baltimore city", "STATE_NAME": "Maryland", "LSAD": "CT", "ALAND": 505077, "AWATER": 0 }, "geometry": { "type": "Polygon", "coordinates": [ [ [ -76.609682, 39.346177 ], [ -76.605411, 39.345859 ], [ -76.604941, 39.345747 ], [ -76.604196, 39.345577 ], [ -76.599729, 39.345149 ], [ -76.600211, 39.340064 ], [ -76.600866, 39.340416 ], [ -76.605414, 39.340458 ], [ -76.607667, 39.339677 ], [ -76.6096, 39.340181 ], [ -76.609682, 39.34104 ], [ -76.609682, 39.346177 ] ] ] } },
{ "type": "Feature", "properties": { "STATEFP": "24", "COUNTYFP": "510", "TRACTCE": "070100", "GEOIDFQ": "1400000US24510070100", "GEOID": "24510070100", "NAME": "701", "NAMELSAD": "Census Tract 701", "STUSPS": "MD", "NAMELSADCO": "Baltimore city", "STATE_NAME": "Maryland", "LSAD": "CT", "ALAND": 290634, "AWATER": 0 }, "geometry": { "type": "Polygon", "coordinates": [ [ [ -76.578278, 39.302549 ], [ -76.572793, 39.302721 ], [ -76.572789, 39.299234 ], [ -76.572661, 39.299237 ], [ -76.572597, 39.297115 ], [ -76.575804, 39.296994 ], [ -76.577955, 39.296911 ], [ -76.578085, 39.299029 ], [ -76.578211, 39.301131 ], [ -76.578278, 39.302549 ] ] ] } },
{ "type": "Feature", "properties": { "STATEFP": "24", "COUNTYFP": "510", "TRACTCE": "150701", "GEOIDFQ": "1400000US24510150701", "GEOID": "24510150701", "NAME": "1507.01", "NAMELSAD": "Census Tract 1507.01", "STUSPS": "MD", "NAMELSADCO": "Baltimore city", "STATE_NAME": "Maryland", "LSAD": "CT", "ALAND": 858013, "AWATER": 117437 }, "geometry": { "type": "Polygon", "coordinates": [ [ [ -76.674532, 39.321829 ], [ -76.672888, 39.321345 ], [ -76.67145, 39.324189 ], [ -76.669499, 39.323619 ], [ -76.664776, 39.322194 ], [ -76.664217, 39.320289 ], [ -76.659779, 39.315224 ], [ -76.661728, 39.314727 ], [ -76.666091, 39.314458 ], [ -76.667868, 39.314404 ], [ -76.672681, 39.314219 ], [ -76.674418, 39.314163 ], [ -76.67443, 39.314334 ], [ -76.674495, 39.315238 ], [ -76.674862, 39.321181 ], [ -76.674532, 39.321829 ] ] ] } },
{ "type": "Feature", "properties": { "STATEFP": "24", "COUNTYFP": "510", "TRACTCE": "160300", "GEOIDFQ": "1400000US24510160300", "GEOID": "24510160300", "NAME": "1603", "NAMELSAD": "Census Tract 1603", "STUSPS": "MD", "NAMELSADCO": "Baltimore city", "STATE_NAME": "Maryland", "LSAD": "CT", "ALAND": 255075, "AWATER": 0 }, "geometry": { "type": "Polygon", "coordinates": [ [ [ -76.646118, 39.303112 ], [ -76.644643, 39.303176 ], [ -76.643218, 39.303211 ], [ -76.64309, 39.301109 ], [ -76.642975, 39.298894 ], [ -76.642775, 39.295313 ], [ -76.642696, 39.294009 ], [ -76.64552, 39.293895 ], [ -76.645808, 39.297629 ], [ -76.645868, 39.298803 ], [ -76.645997, 39.300961 ], [ -76.646118, 39.303112 ] ] ] } },
{ "type": "Feature", "properties": { "STATEFP": "24", "COUNTYFP": "510", "TRACTCE": "160100", "GEOIDFQ": "1400000US24510160100", "GEOID": "24510160100", "NAME": "1601", "NAMELSAD": "Census Tract 1601", "STUSPS": "MD", "NAMELSADCO": "Baltimore city", "STATE_NAME": "Maryland", "LSAD": "CT", "ALAND": 382639, "AWATER": 0 }, "geometry": { "type": "Polygon", "coordinates": [ [ [ -76.638967, 39.303378 ], [ -76.636829, 39.303421 ], [ -76.634511, 39.299198 ], [ -76.634475, 39.299142 ], [ -76.633261, 39.296886 ], [ -76.631922, 39.294458 ], [ -76.634132, 39.294354 ], [ -76.635623, 39.294302 ], [ -76.638462, 39.294189 ], [ -76.638757, 39.299062 ], [ -76.638797, 39.300137 ], [ -76.638967, 39.303378 ] ] ] } },
{ "type": "Feature", "properties": { "STATEFP": "24", "COUNTYFP": "510", "TRACTCE": "151100", "GEOIDFQ": "1400000US24510151100", "GEOID": "24510151100", "NAME": "1511", "NAMELSAD": "Census Tract 1511", "STUSPS": "MD", "NAMELSADCO": "Baltimore city", "STATE_NAME": "Maryland", "LSAD": "CT", "ALAND": 1698800, "AWATER": 0 }, "geometry": { "type": "Polygon", "coordinates": [ [ [ -76.678674, 39.331757 ], [ -76.678891, 39.335313 ], [ -76.679078, 39.337035 ], [ -76.679172, 39.338279 ], [ -76.678221, 39.339641 ], [ -76.677964, 39.339925 ], [ -76.676243, 39.339098 ], [ -76.673019, 39.336977 ], [ -76.666693, 39.333961 ], [ -76.66589, 39.332968 ], [ -76.664302, 39.327512 ], [ -76.66414, 39.325972 ], [ -76.664776, 39.322194 ], [ -76.669499, 39.323619 ], [ -76.67145, 39.324189 ], [ -76.674659, 39.325134 ], [ -76.681068, 39.326945 ], [ -76.678674, 39.331757 ] ] ] } },
{ "type": "Feature", "properties": { "STATEFP": "24", "COUNTYFP": "510", "TRACTCE": "271200", "GEOIDFQ": "1400000US24510271200", "GEOID": "24510271200", "NAME": "2712", "NAMELSAD": "Census Tract 2712", "STUSPS": "MD", "NAMELSADCO": "Baltimore city", "STATE_NAME": "Maryland", "LSAD": "CT", "ALAND": 3599462, "AWATER": 933 }, "geometry": { "type": "Polygon", "coordinates": [ [ [ -76.633944, 39.372009 ], [ -76.631691, 39.371705 ], [ -76.626193, 39.372017 ], [ -76.619643, 39.371951 ], [ -76.618344, 39.372034 ], [ -76.613875, 39.371762 ], [ -76.609805, 39.3722 ], [ -76.609919, 39.36784 ], [ -76.609926, 39.36697 ], [ -76.609985, 39.365126 ], [ -76.610005, 39.358549 ], [ -76.610001, 39.358417 ], [ -76.609977, 39.35682 ], [ -76.60997, 39.356525 ], [ -76.609953, 39.355503 ], [ -76.609928, 39.354331 ], [ -76.616098, 39.353789 ], [ -76.623522, 39.353226 ], [ -76.623669, 39.353872 ], [ -76.629227, 39.353429 ], [ -76.630267, 39.35861 ], [ -76.629483, 39.361881 ], [ -76.628037, 39.365859 ], [ -76.631666, 39.365489 ], [ -76.63159, 39.368707 ], [ -76.634218, 39.369374 ], [ -76.633944, 39.372009 ] ] ] } },
{ "type": "Feature", "properties": { "STATEFP": "24", "COUNTYFP": "510", "TRACTCE": "280102", "GEOIDFQ": "1400000US24510280102", "GEOID": "24510280102", "NAME": "2801.02", "NAMELSAD": "Census Tract 2801.02", "STUSPS": "MD", "NAMELSADCO": "Baltimore city", "STATE_NAME": "Maryland", "LSAD": "CT", "ALAND": 3498689, "AWATER": 0 }, "geometry": { "type": "Polygon", "coordinates": [ [ [ -76.711388, 39.349496 ], [ -76.706441, 39.353027 ], [ -76.702294, 39.351114 ], [ -76.694494, 39.34667 ], [ -76.692518, 39.345564 ], [ -76.687477, 39.342854 ], [ -76.682916, 39.341435 ], [ -76.683477, 39.340794 ], [ -76.689379, 39.340754 ], [ -76.689373, 39.339732 ], [ -76.689362, 39.337676 ], [ -76.689361, 39.333977 ], [ -76.689675, 39.333394 ], [ -76.690866, 39.331013 ], [ -76.688646, 39.330431 ], [ -76.68858, 39.329184 ], [ -76.694259, 39.33092 ], [ -76.700637, 39.332962 ], [ -76.703074, 39.333732 ], [ -76.705367, 39.334445 ], [ -76.70867, 39.335555 ], [ -76.710851, 39.336314 ], [ -76.711025, 39.336333 ], [ -76.711011, 39.336391 ], [ -76.711388, 39.349496 ] ] ] } },
{ "type": "Feature", "properties": { "STATEFP": "24", "COUNTYFP": "510", "TRACTCE": "151300", "GEOIDFQ": "1400000US24510151300", "GEOID": "24510151300", "NAME": "1513", "NAMELSAD": "Census Tract 1513", "STUSPS": "MD", "NAMELSADCO": "Baltimore city", "STATE_NAME": "Maryland", "LSAD": "CT", "ALAND": 927386, "AWATER": 0 }, "geometry": { "type": "Polygon", "coordinates": [ [ [ -76.677067, 39.341134 ], [ -76.67671, 39.341841 ], [ -76.673848, 39.341026 ], [ -76.668324, 39.339392 ], [ -76.667926, 39.338921 ], [ -76.666473, 39.339632 ], [ -76.66514, 39.340336 ], [ -76.663952, 39.340931 ], [ -76.663183, 39.340936 ], [ -76.661279, 39.340698 ], [ -76.65841, 39.340832 ], [ -76.657829, 39.339069 ], [ -76.656604, 39.337847 ], [ -76.656359, 39.336504 ], [ -76.659844, 39.335652 ], [ -76.662664, 39.33451 ], [ -76.665061, 39.333385 ], [ -76.66589, 39.332968 ], [ -76.666693, 39.333961 ], [ -76.673019, 39.336977 ], [ -76.676243, 39.339098 ], [ -76.677964, 39.339925 ], [ -76.677067, 39.341134 ] ] ] } },
{ "type": "Feature", "properties": { "STATEFP": "24", "COUNTYFP": "510", "TRACTCE": "140100", "GEOIDFQ": "1400000US24510140100", "GEOID": "24510140100", "NAME": "1401", "NAMELSAD": "Census Tract 1401", "STUSPS": "MD", "NAMELSADCO": "Baltimore city", "STATE_NAME": "Maryland", "LSAD": "CT", "ALAND": 566966, "AWATER": 0 }, "geometry": { "type": "Polygon", "coordinates": [ [ [ -76.633658, 39.310341 ], [ -76.632189, 39.310386 ], [ -76.629938, 39.310496 ], [ -76.628003, 39.310574 ], [ -76.623277, 39.310848 ], [ -76.62304, 39.310709 ], [ -76.620355, 39.309123 ], [ -76.621005, 39.307234 ], [ -76.62076, 39.304815 ], [ -76.620723, 39.304351 ], [ -76.624132, 39.303841 ], [ -76.625118, 39.303182 ], [ -76.626905, 39.304784 ], [ -76.628783, 39.306355 ], [ -76.630761, 39.307947 ], [ -76.632658, 39.309499 ], [ -76.633658, 39.310341 ] ] ] } },
{ "type": "Feature", "properties": { "STATEFP": "24", "COUNTYFP": "510", "TRACTCE": "230300", "GEOIDFQ": "1400000US24510230300", "GEOID": "24510230300", "NAME": "2303", "NAMELSAD": "Census Tract 2303", "STUSPS": "MD", "NAMELSADCO": "Baltimore city", "STATE_NAME": "Maryland", "LSAD": "CT", "ALAND": 1312474, "AWATER": 711520 }, "geometry": { "type": "Polygon", "coordinates": [ [ [ -76.625855, 39.268189 ], [ -76.623596, 39.269332 ], [ -76.620945, 39.274549 ], [ -76.618719, 39.27391 ], [ -76.618636, 39.272459 ], [ -76.616773, 39.272538 ], [ -76.616111, 39.272553 ], [ -76.615953, 39.270453 ], [ -76.611579, 39.270613 ], [ -76.611922, 39.268516 ], [ -76.611855, 39.266951 ], [ -76.605578, 39.267235 ], [ -76.606813, 39.263865 ], [ -76.610626, 39.262249 ], [ -76.610133, 39.256846 ], [ -76.610488, 39.254706 ], [ -76.616437, 39.257216 ], [ -76.623289, 39.260106 ], [ -76.623793, 39.265075 ], [ -76.627059, 39.265185 ], [ -76.625855, 39.268189 ] ] ] } },
{ "type": "Feature", "properties": { "STATEFP": "24", "COUNTYFP": "510", "TRACTCE": "090600", "GEOIDFQ": "1400000US24510090600", "GEOID": "24510090600", "NAME": "906", "NAMELSAD": "Census Tract 906", "STUSPS": "MD", "NAMELSADCO": "Baltimore city", "STATE_NAME": "Maryland", "LSAD": "CT", "ALAND": 397270, "AWATER": 0 }, "geometry": { "type": "Polygon", "coordinates": [ [ [ -76.595145, 39.328347 ], [ -76.590704, 39.328359 ], [ -76.589311, 39.328364 ], [ -76.589315, 39.327539 ], [ -76.589334, 39.327297 ], [ -76.585153, 39.327308 ], [ -76.584576, 39.327047 ], [ -76.58747, 39.323564 ], [ -76.588534, 39.32283 ], [ -76.589978, 39.321861 ], [ -76.590658, 39.321239 ], [ -76.592577, 39.322919 ], [ -76.592814, 39.323209 ], [ -76.593182, 39.323901 ], [ -76.59381, 39.325967 ], [ -76.593929, 39.326225 ], [ -76.595145, 39.328347 ] ] ] } },
{ "type": "Feature", "properties": { "STATEFP": "24", "COUNTYFP": "510", "TRACTCE": "260202", "GEOIDFQ": "1400000US24510260202", "GEOID": "24510260202", "NAME": "2602.02", "NAMELSAD": "Census Tract 2602.02", "STUSPS": "MD", "NAMELSADCO": "Baltimore city", "STATE_NAME": "Maryland", "LSAD": "CT", "ALAND": 1044018, "AWATER": 1618 }, "geometry": { "type": "Polygon", "coordinates": [ [ [ -76.567543, 39.326406 ], [ -76.56412, 39.329249 ], [ -76.561612, 39.331095 ], [ -76.560908, 39.330402 ], [ -76.558756, 39.328963 ], [ -76.555031, 39.327677 ], [ -76.551788, 39.325781 ], [ -76.551669, 39.325844 ], [ -76.548647, 39.322535 ], [ -76.548442, 39.32183 ], [ -76.549061, 39.321662 ], [ -76.553856, 39.31867 ], [ -76.555024, 39.317956 ], [ -76.556407, 39.320695 ], [ -76.557686, 39.321426 ], [ -76.559759, 39.320994 ], [ -76.560491, 39.321176 ], [ -76.561433, 39.323472 ], [ -76.562605, 39.32467 ], [ -76.565589, 39.325222 ], [ -76.567543, 39.326406 ] ] ] } },
{ "type": "Feature", "properties": { "STATEFP": "24", "COUNTYFP": "510", "TRACTCE": "160801", "GEOIDFQ": "1400000US24510160801", "GEOID": "24510160801", "NAME": "1608.01", "NAMELSAD": "Census Tract 1608.01", "STUSPS": "MD", "NAMELSADCO": "Baltimore city", "STATE_NAME": "Maryland", "LSAD": "CT", "ALAND": 389703, "AWATER": 0 }, "geometry": { "type": "Polygon", "coordinates": [ [ [ -76.687483, 39.302416 ], [ -76.685791, 39.303005 ], [ -76.681244, 39.30045 ], [ -76.681507, 39.29939 ], [ -76.681429, 39.297906 ], [ -76.681341, 39.296407 ], [ -76.681303, 39.295669 ], [ -76.681211, 39.293884 ], [ -76.685995, 39.293711 ], [ -76.686101, 39.29625 ], [ -76.686193, 39.297742 ], [ -76.686275, 39.299217 ], [ -76.686292, 39.300184 ], [ -76.687501, 39.301894 ], [ -76.687483, 39.302416 ] ] ] } },
{ "type": "Feature", "properties": { "STATEFP": "24", "COUNTYFP": "510", "TRACTCE": "250103", "GEOIDFQ": "1400000US24510250103", "GEOID": "24510250103", "NAME": "2501.03", "NAMELSAD": "Census Tract 2501.03", "STUSPS": "MD", "NAMELSADCO": "Baltimore city", "STATE_NAME": "Maryland", "LSAD": "CT", "ALAND": 2587957, "AWATER": 0 }, "geometry": { "type": "Polygon", "coordinates": [ [ [ -76.698892, 39.272705 ], [ -76.695371, 39.27191 ], [ -76.69268, 39.271824 ], [ -76.689454, 39.272116 ], [ -76.688192, 39.274505 ], [ -76.683581, 39.276569 ], [ -76.681673, 39.276998 ], [ -76.679977, 39.27716 ], [ -76.676677, 39.274385 ], [ -76.675482, 39.274183 ], [ -76.671563, 39.275933 ], [ -76.671489, 39.273887 ], [ -76.668788, 39.26943 ], [ -76.667055, 39.265971 ], [ -76.664882, 39.260554 ], [ -76.664247, 39.25851 ], [ -76.664322, 39.257442 ], [ -76.673432, 39.261281 ], [ -76.680025, 39.264413 ], [ -76.683541, 39.265862 ], [ -76.684649, 39.266458 ], [ -76.686048, 39.266885 ], [ -76.688634, 39.268178 ], [ -76.697379, 39.272196 ], [ -76.698892, 39.272705 ] ] ] } },
{ "type": "Feature", "properties": { "STATEFP": "24", "COUNTYFP": "510", "TRACTCE": "270903", "GEOIDFQ": "1400000US24510270903", "GEOID": "24510270903", "NAME": "2709.03", "NAMELSAD": "Census Tract 2709.03", "STUSPS": "MD", "NAMELSADCO": "Baltimore city", "STATE_NAME": "Maryland", "LSAD": "CT", "ALAND": 1089334, "AWATER": 0 }, "geometry": { "type": "Polygon", "coordinates": [ [ [ -76.599729, 39.345149 ], [ -76.596798, 39.344874 ], [ -76.595891, 39.345008 ], [ -76.595458, 39.345174 ], [ -76.593567, 39.346021 ], [ -76.592006, 39.346163 ], [ -76.589323, 39.346058 ], [ -76.586178, 39.345856 ], [ -76.583517, 39.345893 ], [ -76.580805, 39.345277 ], [ -76.581539, 39.341919 ], [ -76.579257, 39.341568 ], [ -76.576952, 39.338625 ], [ -76.578519, 39.339612 ], [ -76.58094, 39.340342 ], [ -76.585664, 39.339927 ], [ -76.592049, 39.340158 ], [ -76.593995, 39.339774 ], [ -76.596794, 39.339082 ], [ -76.600211, 39.340064 ], [ -76.599729, 39.345149 ] ] ] } },
{ "type": "Feature", "properties": { "STATEFP": "24", "COUNTYFP": "510", "TRACTCE": "010100", "GEOIDFQ": "1400000US24510010100", "GEOID": "24510010100", "NAME": "101", "NAMELSAD": "Census Tract 101", "STUSPS": "MD", "NAMELSADCO": "Baltimore city", "STATE_NAME": "Maryland", "LSAD": "CT", "ALAND": 393198, "AWATER": 148387 }, "geometry": { "type": "Polygon", "coordinates": [ [ [ -76.575321, 39.278216 ], [ -76.57674, 39.278534 ], [ -76.576864, 39.28028 ], [ -76.57698, 39.282175 ], [ -76.577043, 39.28321 ], [ -76.57709, 39.284207 ], [ -76.572821, 39.284364 ], [ -76.571396, 39.284423 ], [ -76.571339, 39.283407 ], [ -76.571261, 39.282382 ], [ -76.571151, 39.280366 ], [ -76.571008, 39.278337 ], [ -76.570877, 39.276421 ], [ -76.572687, 39.275007 ], [ -76.577586, 39.271606 ], [ -76.575321, 39.278216 ] ] ] } },
{ "type": "Feature", "properties": { "STATEFP": "24", "COUNTYFP": "510", "TRACTCE": "160600", "GEOIDFQ": "1400000US24510160600", "GEOID": "24510160600", "NAME": "1606", "NAMELSAD": "Census Tract 1606", "STUSPS": "MD", "NAMELSADCO": "Baltimore city", "STATE_NAME": "Maryland", "LSAD": "CT", "ALAND": 556403, "AWATER": 0 }, "geometry": { "type": "Polygon", "coordinates": [ [ [ -76.669072, 39.296149 ], [ -76.668983, 39.29929 ], [ -76.667641, 39.29941 ], [ -76.665187, 39.29921 ], [ -76.665271, 39.300283 ], [ -76.660824, 39.300451 ], [ -76.660603, 39.299796 ], [ -76.659589, 39.298339 ], [ -76.659412, 39.294633 ], [ -76.659353, 39.293352 ], [ -76.663884, 39.293319 ], [ -76.664927, 39.294452 ], [ -76.666711, 39.294412 ], [ -76.669717, 39.294276 ], [ -76.669072, 39.296149 ] ] ] } },
{ "type": "Feature", "properties": { "STATEFP": "24", "COUNTYFP": "510", "TRACTCE": "120100", "GEOIDFQ": "1400000US24510120100", "GEOID": "24510120100", "NAME": "1201", "NAMELSAD": "Census Tract 1201", "STUSPS": "MD", "NAMELSADCO": "Baltimore city", "STATE_NAME": "Maryland", "LSAD": "CT", "ALAND": 1036127, "AWATER": 0 }, "geometry": { "type": "Polygon", "coordinates": [ [ [ -76.625785, 39.341591 ], [ -76.625327, 39.341596 ], [ -76.622849, 39.340659 ], [ -76.621404, 39.341089 ], [ -76.620426, 39.340469 ], [ -76.618401, 39.339254 ], [ -76.618363, 39.338531 ], [ -76.615993, 39.339015 ], [ -76.612142, 39.340829 ], [ -76.60958, 39.339798 ], [ -76.609533, 39.338665 ], [ -76.609508, 39.334456 ], [ -76.609476, 39.330965 ], [ -76.614979, 39.332664 ], [ -76.616221, 39.331527 ], [ -76.616273, 39.331473 ], [ -76.617978, 39.33248 ], [ -76.62317, 39.335925 ], [ -76.624024, 39.336479 ], [ -76.625744, 39.339604 ], [ -76.625785, 39.341591 ] ] ] } },
{ "type": "Feature", "properties": { "STATEFP": "24", "COUNTYFP": "510", "TRACTCE": "280301", "GEOIDFQ": "1400000US24510280301", "GEOID": "24510280301", "NAME": "2803.01", "NAMELSAD": "Census Tract 2803.01", "STUSPS": "MD", "NAMELSADCO": "Baltimore city", "STATE_NAME": "Maryland", "LSAD": "CT", "ALAND": 3160921, "AWATER": 20250 }, "geometry": { "type": "Polygon", "coordinates": [ [ [ -76.711493, 39.320805 ], [ -76.708393, 39.321805 ], [ -76.704518, 39.322023 ], [ -76.70177, 39.319596 ], [ -76.703947, 39.318582 ], [ -76.702565, 39.315929 ], [ -76.700037, 39.317043 ], [ -76.696924, 39.317274 ], [ -76.696412, 39.314793 ], [ -76.692676, 39.314446 ], [ -76.690004, 39.312386 ], [ -76.69036, 39.309557 ], [ -76.689039, 39.307783 ], [ -76.687203, 39.305491 ], [ -76.686431, 39.305348 ], [ -76.687081, 39.304874 ], [ -76.689582, 39.305099 ], [ -76.694509, 39.304737 ], [ -76.694866, 39.302016 ], [ -76.697455, 39.301456 ], [ -76.700272, 39.301934 ], [ -76.703122, 39.299745 ], [ -76.706178, 39.299673 ], [ -76.705844, 39.302712 ], [ -76.708403, 39.303395 ], [ -76.711191, 39.302955 ], [ -76.711185, 39.303409 ], [ -76.711208, 39.304828 ], [ -76.711228, 39.311709 ], [ -76.711119, 39.312475 ], [ -76.711028, 39.318916 ], [ -76.711493, 39.320805 ] ] ] } },
{ "type": "Feature", "properties": { "STATEFP": "24", "COUNTYFP": "510", "TRACTCE": "090200", "GEOIDFQ": "1400000US24510090200", "GEOID": "24510090200", "NAME": "902", "NAMELSAD": "Census Tract 902", "STUSPS": "MD", "NAMELSADCO": "Baltimore city", "STATE_NAME": "Maryland", "LSAD": "CT", "ALAND": 1738449, "AWATER": 288605 }, "geometry": { "type": "Polygon", "coordinates": [ [ [ -76.600211, 39.340064 ], [ -76.596794, 39.339082 ], [ -76.593995, 39.339774 ], [ -76.592049, 39.340158 ], [ -76.585664, 39.339927 ], [ -76.58094, 39.340342 ], [ -76.578519, 39.339612 ], [ -76.576952, 39.338625 ], [ -76.578427, 39.335492 ], [ -76.576547, 39.333861 ], [ -76.578992, 39.331762 ], [ -76.583874, 39.327913 ], [ -76.584576, 39.327047 ], [ -76.585153, 39.327308 ], [ -76.589334, 39.327297 ], [ -76.589315, 39.327539 ], [ -76.589311, 39.328364 ], [ -76.590704, 39.328359 ], [ -76.595145, 39.328347 ], [ -76.595115, 39.330136 ], [ -76.595159, 39.333147 ], [ -76.595443, 39.33403 ], [ -76.599439, 39.337964 ], [ -76.600132, 39.33924 ], [ -76.600211, 39.340064 ] ] ] } },
{ "type": "Feature", "properties": { "STATEFP": "24", "COUNTYFP": "510", "TRACTCE": "150400", "GEOIDFQ": "1400000US24510150400", "GEOID": "24510150400", "NAME": "1504", "NAMELSAD": "Census Tract 1504", "STUSPS": "MD", "NAMELSADCO": "Baltimore city", "STATE_NAME": "Maryland", "LSAD": "CT", "ALAND": 815573, "AWATER": 0 }, "geometry": { "type": "Polygon", "coordinates": [ [ [ -76.659625, 39.314451 ], [ -76.659779, 39.315224 ], [ -76.657701, 39.315812 ], [ -76.651958, 39.315746 ], [ -76.650494, 39.316704 ], [ -76.648725, 39.315225 ], [ -76.646316, 39.313248 ], [ -76.645408, 39.312515 ], [ -76.642514, 39.310089 ], [ -76.645006, 39.309944 ], [ -76.651339, 39.30968 ], [ -76.655994, 39.309508 ], [ -76.659985, 39.309368 ], [ -76.659625, 39.314451 ] ] ] } },
{ "type": "Feature", "properties": { "STATEFP": "24", "COUNTYFP": "510", "TRACTCE": "272005", "GEOIDFQ": "1400000US24510272005", "GEOID": "24510272005", "NAME": "2720.05", "NAMELSAD": "Census Tract 2720.05", "STUSPS": "MD", "NAMELSADCO": "Baltimore city", "STATE_NAME": "Maryland", "LSAD": "CT", "ALAND": 927829, "AWATER": 0 }, "geometry": { "type": "Polygon", "coordinates": [ [ [ -76.711313, 39.371933 ], [ -76.705204, 39.372007 ], [ -76.702892, 39.372092 ], [ -76.700106, 39.372005 ], [ -76.692444, 39.372033 ], [ -76.692496, 39.371365 ], [ -76.6942, 39.369634 ], [ -76.694728, 39.36801 ], [ -76.697167, 39.364952 ], [ -76.698246, 39.363623 ], [ -76.699798, 39.362363 ], [ -76.701481, 39.363732 ], [ -76.702834, 39.364819 ], [ -76.706869, 39.368097 ], [ -76.711313, 39.371933 ] ] ] } },
{ "type": "Feature", "properties": { "STATEFP": "24", "COUNTYFP": "510", "TRACTCE": "130806", "GEOIDFQ": "1400000US24510130806", "GEOID": "24510130806", "NAME": "1308.06", "NAMELSAD": "Census Tract 1308.06", "STUSPS": "MD", "NAMELSADCO": "Baltimore city", "STATE_NAME": "Maryland", "LSAD": "CT", "ALAND": 1406474, "AWATER": 707 }, "geometry": { "type": "Polygon", "coordinates": [ [ [ -76.658181, 39.340866 ], [ -76.654209, 39.342221 ], [ -76.650191, 39.344944 ], [ -76.64814, 39.345128 ], [ -76.647222, 39.345243 ], [ -76.647767, 39.339615 ], [ -76.647326, 39.33837 ], [ -76.644627, 39.334753 ], [ -76.643234, 39.332892 ], [ -76.642269, 39.331922 ], [ -76.641929, 39.331495 ], [ -76.640528, 39.327216 ], [ -76.642788, 39.329658 ], [ -76.644591, 39.329705 ], [ -76.646191, 39.329905 ], [ -76.651891, 39.331051 ], [ -76.654032, 39.330291 ], [ -76.655735, 39.333053 ], [ -76.655964, 39.333549 ], [ -76.655937, 39.334611 ], [ -76.656359, 39.336504 ], [ -76.656604, 39.337847 ], [ -76.657829, 39.339069 ], [ -76.65841, 39.340832 ], [ -76.658181, 39.340866 ] ] ] } },
{ "type": "Feature", "properties": { "STATEFP": "24", "COUNTYFP": "510", "TRACTCE": "020200", "GEOIDFQ": "1400000US24510020200", "GEOID": "24510020200", "NAME": "202", "NAMELSAD": "Census Tract 202", "STUSPS": "MD", "NAMELSADCO": "Baltimore city", "STATE_NAME": "Maryland", "LSAD": "CT", "ALAND": 197559, "AWATER": 0 }, "geometry": { "type": "Polygon", "coordinates": [ [ [ -76.593944, 39.291542 ], [ -76.590468, 39.291679 ], [ -76.590344, 39.289387 ], [ -76.590113, 39.285735 ], [ -76.593557, 39.285578 ], [ -76.593803, 39.289257 ], [ -76.593869, 39.290399 ], [ -76.593944, 39.291542 ] ] ] } },
{ "type": "Feature", "properties": { "STATEFP": "24", "COUNTYFP": "510", "TRACTCE": "280101", "GEOIDFQ": "1400000US24510280101", "GEOID": "24510280101", "NAME": "2801.01", "NAMELSAD": "Census Tract 2801.01", "STUSPS": "MD", "NAMELSADCO": "Baltimore city", "STATE_NAME": "Maryland", "LSAD": "CT", "ALAND": 1408316, "AWATER": 0 }, "geometry": { "type": "Polygon", "coordinates": [ [ [ -76.711186, 39.354383 ], [ -76.711228, 39.356161 ], [ -76.71135, 39.356771 ], [ -76.711191, 39.362798 ], [ -76.707751, 39.360323 ], [ -76.706918, 39.359658 ], [ -76.702446, 39.356246 ], [ -76.698965, 39.353797 ], [ -76.695355, 39.351254 ], [ -76.691839, 39.348808 ], [ -76.690059, 39.347585 ], [ -76.686399, 39.344979 ], [ -76.683519, 39.34294 ], [ -76.680993, 39.341688 ], [ -76.677745, 39.342136 ], [ -76.67671, 39.341841 ], [ -76.677067, 39.341134 ], [ -76.677964, 39.339925 ], [ -76.682916, 39.341435 ], [ -76.687477, 39.342854 ], [ -76.692518, 39.345564 ], [ -76.694494, 39.34667 ], [ -76.702294, 39.351114 ], [ -76.706441, 39.353027 ], [ -76.711388, 39.349496 ], [ -76.711186, 39.354383 ] ] ] } },
{ "type": "Feature", "properties": { "STATEFP": "24", "COUNTYFP": "510", "TRACTCE": "260401", "GEOIDFQ": "1400000US24510260401", "GEOID": "24510260401", "NAME": "2604.01", "NAMELSAD": "Census Tract 2604.01", "STUSPS": "MD", "NAMELSADCO": "Baltimore city", "STATE_NAME": "Maryland", "LSAD": "CT", "ALAND": 1341147, "AWATER": 0 }, "geometry": { "type": "Polygon", "coordinates": [ [ [ -76.560536, 39.309058 ], [ -76.554023, 39.310807 ], [ -76.55361, 39.310102 ], [ -76.552046, 39.311094 ], [ -76.550387, 39.311318 ], [ -76.547918, 39.311196 ], [ -76.546903, 39.309604 ], [ -76.543118, 39.307352 ], [ -76.544698, 39.304559 ], [ -76.546089, 39.302548 ], [ -76.550674, 39.301077 ], [ -76.553479, 39.300151 ], [ -76.554885, 39.301018 ], [ -76.565478, 39.30897 ], [ -76.560536, 39.309058 ] ] ] } },
{ "type": "Feature", "properties": { "STATEFP": "24", "COUNTYFP": "510", "TRACTCE": "200200", "GEOIDFQ": "1400000US24510200200", "GEOID": "24510200200", "NAME": "2002", "NAMELSAD": "Census Tract 2002", "STUSPS": "MD", "NAMELSADCO": "Baltimore city", "STATE_NAME": "Maryland", "LSAD": "CT", "ALAND": 926852, "AWATER": 0 }, "geometry": { "type": "Polygon", "coordinates": [ [ [ -76.669717, 39.294276 ], [ -76.666711, 39.294412 ], [ -76.664927, 39.294452 ], [ -76.663884, 39.293319 ], [ -76.659353, 39.293352 ], [ -76.656274, 39.293439 ], [ -76.650383, 39.293698 ], [ -76.650218, 39.289924 ], [ -76.650095, 39.288029 ], [ -76.652869, 39.287911 ], [ -76.656222, 39.287814 ], [ -76.658829, 39.287665 ], [ -76.662328, 39.28751 ], [ -76.662924, 39.287424 ], [ -76.665419, 39.289049 ], [ -76.66653, 39.291022 ], [ -76.669642, 39.293528 ], [ -76.669717, 39.294276 ] ] ] } },
{ "type": "Feature", "properties": { "STATEFP": "24", "COUNTYFP": "510", "TRACTCE": "260605", "GEOIDFQ": "1400000US24510260605", "GEOID": "24510260605", "NAME": "2606.05", "NAMELSAD": "Census Tract 2606.05", "STUSPS": "MD", "NAMELSADCO": "Baltimore city", "STATE_NAME": "Maryland", "LSAD": "CT", "ALAND": 9979929, "AWATER": 7154314 }, "geometry": { "type": "Polygon", "coordinates": [ [ [ -76.577586, 39.271606 ], [ -76.572687, 39.275007 ], [ -76.570877, 39.276421 ], [ -76.571008, 39.278337 ], [ -76.568512, 39.278417 ], [ -76.5645, 39.278595 ], [ -76.562057, 39.280707 ], [ -76.554581, 39.280977 ], [ -76.547586, 39.281286 ], [ -76.543805, 39.281443 ], [ -76.543667, 39.278628 ], [ -76.543738, 39.277931 ], [ -76.543647, 39.276497 ], [ -76.54364, 39.276282 ], [ -76.538005, 39.276466 ], [ -76.537924, 39.27484 ], [ -76.53517, 39.275271 ], [ -76.533504, 39.277541 ], [ -76.534252, 39.279079 ], [ -76.535704, 39.281793 ], [ -76.530393, 39.284818 ], [ -76.529592, 39.284852 ], [ -76.529934, 39.283082 ], [ -76.529788, 39.281527 ], [ -76.529781, 39.273101 ], [ -76.529623, 39.272307 ], [ -76.529685, 39.270207 ], [ -76.529788, 39.269722 ], [ -76.529784, 39.264989 ], [ -76.529758, 39.257584 ], [ -76.529785, 39.255781 ], [ -76.529487, 39.247045 ], [ -76.529583866775695, 39.240298142960903 ], [ -76.533245, 39.23925 ], [ -76.538949, 39.245509 ], [ -76.540256, 39.250387 ], [ -76.552735, 39.257472 ], [ -76.563311, 39.25692 ], [ -76.566282, 39.259589 ], [ -76.569016, 39.259221 ], [ -76.571511, 39.260693 ], [ -76.571868, 39.262165 ], [ -76.572224, 39.264741 ], [ -76.575030938913201, 39.2646422283878 ], [ -76.575218, 39.265652 ], [ -76.575486, 39.267105 ], [ -76.577586, 39.271606 ] ] ] } },
{ "type": "Feature", "properties": { "STATEFP": "24", "COUNTYFP": "510", "TRACTCE": "160802", "GEOIDFQ": "1400000US24510160802", "GEOID": "24510160802", "NAME": "1608.02", "NAMELSAD": "Census Tract 1608.02", "STUSPS": "MD", "NAMELSADCO": "Baltimore city", "STATE_NAME": "Maryland", "LSAD": "CT", "ALAND": 1226587, "AWATER": 0 }, "geometry": { "type": "Polygon", "coordinates": [ [ [ -76.689482, 39.304434 ], [ -76.689582, 39.305099 ], [ -76.687081, 39.304874 ], [ -76.686431, 39.305348 ], [ -76.681403, 39.306571 ], [ -76.678912, 39.304989 ], [ -76.675441, 39.303517 ], [ -76.67421, 39.302373 ], [ -76.67275, 39.297609 ], [ -76.670726, 39.296354 ], [ -76.670465, 39.294257 ], [ -76.672383, 39.294201 ], [ -76.67278, 39.294174 ], [ -76.675574, 39.294097 ], [ -76.680657, 39.293903 ], [ -76.681211, 39.293884 ], [ -76.681303, 39.295669 ], [ -76.681341, 39.296407 ], [ -76.681429, 39.297906 ], [ -76.681507, 39.29939 ], [ -76.681244, 39.30045 ], [ -76.685791, 39.303005 ], [ -76.687483, 39.302416 ], [ -76.687501, 39.301894 ], [ -76.686292, 39.300184 ], [ -76.686275, 39.299217 ], [ -76.688139, 39.299172 ], [ -76.690092, 39.302306 ], [ -76.689482, 39.304434 ] ] ] } },
{ "type": "Feature", "properties": { "STATEFP": "24", "COUNTYFP": "510", "TRACTCE": "130100", "GEOIDFQ": "1400000US24510130100", "GEOID": "24510130100", "NAME": "1301", "NAMELSAD": "Census Tract 1301", "STUSPS": "MD", "NAMELSADCO": "Baltimore city", "STATE_NAME": "Maryland", "LSAD": "CT", "ALAND": 311272, "AWATER": 0 }, "geometry": { "type": "Polygon", "coordinates": [ [ [ -76.639406, 39.315838 ], [ -76.636903, 39.316914 ], [ -76.633956, 39.317011 ], [ -76.630594, 39.316802 ], [ -76.62943, 39.317081 ], [ -76.628466, 39.3154 ], [ -76.627862, 39.314749 ], [ -76.62961, 39.313745 ], [ -76.631388, 39.313644 ], [ -76.631412, 39.314419 ], [ -76.633913, 39.314402 ], [ -76.635049, 39.314196 ], [ -76.636683, 39.313246 ], [ -76.637783, 39.312615 ], [ -76.640303, 39.315139 ], [ -76.639406, 39.315838 ] ] ] } },
{ "type": "Feature", "properties": { "STATEFP": "24", "COUNTYFP": "510", "TRACTCE": "120400", "GEOIDFQ": "1400000US24510120400", "GEOID": "24510120400", "NAME": "1204", "NAMELSAD": "Census Tract 1204", "STUSPS": "MD", "NAMELSADCO": "Baltimore city", "STATE_NAME": "Maryland", "LSAD": "CT", "ALAND": 281025, "AWATER": 0 }, "geometry": { "type": "Polygon", "coordinates": [ [ [ -76.615302, 39.316413 ], [ -76.611292, 39.316558 ], [ -76.60949, 39.316234 ], [ -76.609528, 39.315066 ], [ -76.609497, 39.311405 ], [ -76.610971, 39.311259 ], [ -76.612464, 39.311194 ], [ -76.61381, 39.311136 ], [ -76.614955, 39.311065 ], [ -76.615132, 39.313279 ], [ -76.615176, 39.314292 ], [ -76.615273, 39.315363 ], [ -76.615302, 39.316413 ] ] ] } },
{ "type": "Feature", "properties": { "STATEFP": "24", "COUNTYFP": "510", "TRACTCE": "260501", "GEOIDFQ": "1400000US24510260501", "GEOID": "24510260501", "NAME": "2605.01", "NAMELSAD": "Census Tract 2605.01", "STUSPS": "MD", "NAMELSADCO": "Baltimore city", "STATE_NAME": "Maryland", "LSAD": "CT", "ALAND": 3217418, "AWATER": 3813 }, "geometry": { "type": "Polygon", "coordinates": [ [ [ -76.554992, 39.291911 ], [ -76.55181, 39.292098 ], [ -76.54812, 39.295665 ], [ -76.53634, 39.296171 ], [ -76.532785, 39.295414 ], [ -76.531241, 39.296116 ], [ -76.529517, 39.297056 ], [ -76.529681, 39.288152 ], [ -76.529592, 39.284852 ], [ -76.530393, 39.284818 ], [ -76.535704, 39.281793 ], [ -76.540512, 39.281573 ], [ -76.543805, 39.281443 ], [ -76.547586, 39.281286 ], [ -76.554581, 39.280977 ], [ -76.554644, 39.282287 ], [ -76.5548, 39.284053 ], [ -76.554983, 39.287127 ], [ -76.554135, 39.288054 ], [ -76.555724, 39.291783 ], [ -76.554992, 39.291911 ] ] ] } },
{ "type": "Feature", "properties": { "STATEFP": "24", "COUNTYFP": "510", "TRACTCE": "130805", "GEOIDFQ": "1400000US24510130805", "GEOID": "24510130805", "NAME": "1308.05", "NAMELSAD": "Census Tract 1308.05", "STUSPS": "MD", "NAMELSADCO": "Baltimore city", "STATE_NAME": "Maryland", "LSAD": "CT", "ALAND": 1632325, "AWATER": 6396 }, "geometry": { "type": "Polygon", "coordinates": [ [ [ -76.660408, 39.355193 ], [ -76.654802, 39.357503 ], [ -76.651161, 39.360396 ], [ -76.650551, 39.360533 ], [ -76.649831, 39.356362 ], [ -76.64812, 39.354213 ], [ -76.646414, 39.350059 ], [ -76.647222, 39.345243 ], [ -76.64814, 39.345128 ], [ -76.650191, 39.344944 ], [ -76.654209, 39.342221 ], [ -76.658181, 39.340866 ], [ -76.657193, 39.342303 ], [ -76.658853, 39.344383 ], [ -76.659582, 39.345717 ], [ -76.659447, 39.346506 ], [ -76.659133, 39.347887 ], [ -76.659604, 39.350934 ], [ -76.660408, 39.355193 ] ] ] } },
{ "type": "Feature", "properties": { "STATEFP": "24", "COUNTYFP": "510", "TRACTCE": "080800", "GEOIDFQ": "1400000US24510080800", "GEOID": "24510080800", "NAME": "808", "NAMELSAD": "Census Tract 808", "STUSPS": "MD", "NAMELSADCO": "Baltimore city", "STATE_NAME": "Maryland", "LSAD": "CT", "ALAND": 327456, "AWATER": 0 }, "geometry": { "type": "Polygon", "coordinates": [ [ [ -76.598069, 39.305222 ], [ -76.592521, 39.305452 ], [ -76.588286, 39.30564 ], [ -76.58825, 39.305106 ], [ -76.588135, 39.303218 ], [ -76.588079, 39.302138 ], [ -76.594658, 39.301881 ], [ -76.597829, 39.301744 ], [ -76.598069, 39.305222 ] ] ] } },
{ "type": "Feature", "properties": { "STATEFP": "24", "COUNTYFP": "510", "TRACTCE": "270803", "GEOIDFQ": "1400000US24510270803", "GEOID": "24510270803", "NAME": "2708.03", "NAMELSAD": "Census Tract 2708.03", "STUSPS": "MD", "NAMELSADCO": "Baltimore city", "STATE_NAME": "Maryland", "LSAD": "CT", "ALAND": 2190787, "AWATER": 2110 }, "geometry": { "type": "Polygon", "coordinates": [ [ [ -76.589582, 39.357315 ], [ -76.587754, 39.361281 ], [ -76.586309, 39.364381 ], [ -76.58551, 39.366039 ], [ -76.584053, 39.368525 ], [ -76.581956, 39.372105 ], [ -76.579029, 39.372091 ], [ -76.569997, 39.372121 ], [ -76.5701, 39.372039 ], [ -76.573563, 39.368539 ], [ -76.574048, 39.36754 ], [ -76.573541, 39.365126 ], [ -76.573117, 39.355529 ], [ -76.573015, 39.353903 ], [ -76.574056, 39.354117 ], [ -76.575788, 39.354923 ], [ -76.578658, 39.354486 ], [ -76.582683, 39.355597 ], [ -76.589561, 39.355418 ], [ -76.589582, 39.357315 ] ] ] } },
{ "type": "Feature", "properties": { "STATEFP": "24", "COUNTYFP": "510", "TRACTCE": "271102", "GEOIDFQ": "1400000US24510271102", "GEOID": "24510271102", "NAME": "2711.02", "NAMELSAD": "Census Tract 2711.02", "STUSPS": "MD", "NAMELSADCO": "Baltimore city", "STATE_NAME": "Maryland", "LSAD": "CT", "ALAND": 1227625, "AWATER": 29218 }, "geometry": { "type": "Polygon", "coordinates": [ [ [ -76.629227, 39.353429 ], [ -76.623669, 39.353872 ], [ -76.623522, 39.353226 ], [ -76.622127, 39.34534 ], [ -76.620125, 39.345515 ], [ -76.617127, 39.34533 ], [ -76.616493, 39.345388 ], [ -76.614801, 39.345789 ], [ -76.613313, 39.3461 ], [ -76.609682, 39.346177 ], [ -76.609682, 39.34104 ], [ -76.6096, 39.340181 ], [ -76.60958, 39.339798 ], [ -76.612142, 39.340829 ], [ -76.615993, 39.339015 ], [ -76.618363, 39.338531 ], [ -76.618401, 39.339254 ], [ -76.620426, 39.340469 ], [ -76.621404, 39.341089 ], [ -76.622849, 39.340659 ], [ -76.625327, 39.341596 ], [ -76.625785, 39.341591 ], [ -76.625629, 39.344001 ], [ -76.626282, 39.34506 ], [ -76.628184, 39.348748 ], [ -76.629227, 39.353429 ] ] ] } },
{ "type": "Feature", "properties": { "STATEFP": "24", "COUNTYFP": "510", "TRACTCE": "130300", "GEOIDFQ": "1400000US24510130300", "GEOID": "24510130300", "NAME": "1303", "NAMELSAD": "Census Tract 1303", "STUSPS": "MD", "NAMELSADCO": "Baltimore city", "STATE_NAME": "Maryland", "LSAD": "CT", "ALAND": 359731, "AWATER": 0 }, "geometry": { "type": "Polygon", "coordinates": [ [ [ -76.646316, 39.313248 ], [ -76.644557, 39.314876 ], [ -76.643631, 39.315793 ], [ -76.641075, 39.314528 ], [ -76.640303, 39.315139 ], [ -76.637783, 39.312615 ], [ -76.636683, 39.313246 ], [ -76.633896, 39.310335 ], [ -76.636986, 39.310319 ], [ -76.638331, 39.310237 ], [ -76.638372, 39.310237 ], [ -76.642514, 39.310089 ], [ -76.645408, 39.312515 ], [ -76.646316, 39.313248 ] ] ] } },
{ "type": "Feature", "properties": { "STATEFP": "24", "COUNTYFP": "510", "TRACTCE": "100200", "GEOIDFQ": "1400000US24510100200", "GEOID": "24510100200", "NAME": "1002", "NAMELSAD": "Census Tract 1002", "STUSPS": "MD", "NAMELSADCO": "Baltimore city", "STATE_NAME": "Maryland", "LSAD": "CT", "ALAND": 304692, "AWATER": 0 }, "geometry": { "type": "Polygon", "coordinates": [ [ [ -76.607269, 39.301361 ], [ -76.604906, 39.301491 ], [ -76.59937, 39.301682 ], [ -76.597829, 39.301744 ], [ -76.597597, 39.298251 ], [ -76.600074, 39.298171 ], [ -76.601911, 39.298107 ], [ -76.604056, 39.298001 ], [ -76.606332, 39.297912 ], [ -76.607269, 39.301361 ] ] ] } },
{ "type": "Feature", "properties": { "STATEFP": "24", "COUNTYFP": "510", "TRACTCE": "090300", "GEOIDFQ": "1400000US24510090300", "GEOID": "24510090300", "NAME": "903", "NAMELSAD": "Census Tract 903", "STUSPS": "MD", "NAMELSADCO": "Baltimore city", "STATE_NAME": "Maryland", "LSAD": "CT", "ALAND": 793221, "AWATER": 0 }, "geometry": { "type": "Polygon", "coordinates": [ [ [ -76.609508, 39.334456 ], [ -76.607537, 39.334483 ], [ -76.607147, 39.334061 ], [ -76.604485, 39.33404 ], [ -76.600197, 39.334038 ], [ -76.595443, 39.33403 ], [ -76.595159, 39.333147 ], [ -76.595115, 39.330136 ], [ -76.595145, 39.328347 ], [ -76.597897, 39.328329 ], [ -76.608472, 39.328332 ], [ -76.609428, 39.328314 ], [ -76.60943, 39.328495 ], [ -76.609476, 39.330965 ], [ -76.609508, 39.334456 ] ] ] } },
{ "type": "Feature", "properties": { "STATEFP": "24", "COUNTYFP": "510", "TRACTCE": "160200", "GEOIDFQ": "1400000US24510160200", "GEOID": "24510160200", "NAME": "1602", "NAMELSAD": "Census Tract 1602", "STUSPS": "MD", "NAMELSADCO": "Baltimore city", "STATE_NAME": "Maryland", "LSAD": "CT", "ALAND": 374068, "AWATER": 0 }, "geometry": { "type": "Polygon", "coordinates": [ [ [ -76.643218, 39.303211 ], [ -76.638967, 39.303378 ], [ -76.638797, 39.300137 ], [ -76.638757, 39.299062 ], [ -76.638462, 39.294189 ], [ -76.642696, 39.294009 ], [ -76.642775, 39.295313 ], [ -76.642975, 39.298894 ], [ -76.64309, 39.301109 ], [ -76.643218, 39.303211 ] ] ] } },
{ "type": "Feature", "properties": { "STATEFP": "24", "COUNTYFP": "510", "TRACTCE": "160700", "GEOIDFQ": "1400000US24510160700", "GEOID": "24510160700", "NAME": "1607", "NAMELSAD": "Census Tract 1607", "STUSPS": "MD", "NAMELSADCO": "Baltimore city", "STATE_NAME": "Maryland", "LSAD": "CT", "ALAND": 953875, "AWATER": 14242 }, "geometry": { "type": "Polygon", "coordinates": [ [ [ -76.673563, 39.303264 ], [ -76.673682, 39.304243 ], [ -76.674142, 39.305682 ], [ -76.674123, 39.306268 ], [ -76.672291, 39.307205 ], [ -76.668405, 39.307117 ], [ -76.667324, 39.305904 ], [ -76.665595, 39.30596 ], [ -76.660898, 39.306144 ], [ -76.660829, 39.303078 ], [ -76.660721, 39.302624 ], [ -76.660868, 39.301542 ], [ -76.660824, 39.300451 ], [ -76.665271, 39.300283 ], [ -76.665187, 39.29921 ], [ -76.667641, 39.29941 ], [ -76.668983, 39.29929 ], [ -76.669072, 39.296149 ], [ -76.669717, 39.294276 ], [ -76.670465, 39.294257 ], [ -76.670726, 39.296354 ], [ -76.67275, 39.297609 ], [ -76.67421, 39.302373 ], [ -76.673563, 39.303264 ] ] ] } },
{ "type": "Feature", "properties": { "STATEFP": "24", "COUNTYFP": "510", "TRACTCE": "150100", "GEOIDFQ": "1400000US24510150100", "GEOID": "24510150100", "NAME": "1501", "NAMELSAD": "Census Tract 1501", "STUSPS": "MD", "NAMELSADCO": "Baltimore city", "STATE_NAME": "Maryland", "LSAD": "CT", "ALAND": 369345, "AWATER": 0 }, "geometry": { "type": "Polygon", "coordinates": [ [ [ -76.645006, 39.309944 ], [ -76.642514, 39.310089 ], [ -76.640392, 39.3083 ], [ -76.638823, 39.306992 ], [ -76.638033, 39.305597 ], [ -76.636829, 39.303421 ], [ -76.638967, 39.303378 ], [ -76.643218, 39.303211 ], [ -76.644643, 39.303176 ], [ -76.644769, 39.305352 ], [ -76.644839, 39.306727 ], [ -76.644913, 39.308006 ], [ -76.645006, 39.309944 ] ] ] } },
{ "type": "Feature", "properties": { "STATEFP": "24", "COUNTYFP": "510", "TRACTCE": "250207", "GEOIDFQ": "1400000US24510250207", "GEOID": "24510250207", "NAME": "2502.07", "NAMELSAD": "Census Tract 2502.07", "STUSPS": "MD", "NAMELSADCO": "Baltimore city", "STATE_NAME": "Maryland", "LSAD": "CT", "ALAND": 917475, "AWATER": 380163 }, "geometry": { "type": "Polygon", "coordinates": [ [ [ -76.632768, 39.257731 ], [ -76.624689, 39.260606 ], [ -76.623289, 39.260106 ], [ -76.616437, 39.257216 ], [ -76.617912, 39.253894 ], [ -76.617421, 39.252484 ], [ -76.618436, 39.251946 ], [ -76.620881, 39.250895 ], [ -76.624957, 39.249132 ], [ -76.625398, 39.249082 ], [ -76.6261, 39.251737 ], [ -76.627427, 39.25158 ], [ -76.628077, 39.250031 ], [ -76.632601, 39.251544 ], [ -76.634311, 39.25511 ], [ -76.632768, 39.257731 ] ] ] } },
{ "type": "Feature", "properties": { "STATEFP": "24", "COUNTYFP": "510", "TRACTCE": "240400", "GEOIDFQ": "1400000US24510240400", "GEOID": "24510240400", "NAME": "2404", "NAMELSAD": "Census Tract 2404", "STUSPS": "MD", "NAMELSADCO": "Baltimore city", "STATE_NAME": "Maryland", "LSAD": "CT", "ALAND": 1180402, "AWATER": 965344 }, "geometry": { "type": "Polygon", "coordinates": [ [ [ -76.611922, 39.268516 ], [ -76.611579, 39.270613 ], [ -76.611504, 39.271142 ], [ -76.611754, 39.2727 ], [ -76.608388, 39.272851 ], [ -76.606712, 39.272908 ], [ -76.605158, 39.272981 ], [ -76.599699, 39.271093 ], [ -76.600901, 39.269015 ], [ -76.600833, 39.266823 ], [ -76.596918, 39.266182 ], [ -76.592715, 39.265272 ], [ -76.598588, 39.254806 ], [ -76.608288, 39.254706 ], [ -76.610488, 39.254706 ], [ -76.610133, 39.256846 ], [ -76.610626, 39.262249 ], [ -76.606813, 39.263865 ], [ -76.605578, 39.267235 ], [ -76.611855, 39.266951 ], [ -76.611922, 39.268516 ] ] ] } },
{ "type": "Feature", "properties": { "STATEFP": "24", "COUNTYFP": "510", "TRACTCE": "240100", "GEOIDFQ": "1400000US24510240100", "GEOID": "24510240100", "NAME": "2401", "NAMELSAD": "Census Tract 2401", "STUSPS": "MD", "NAMELSADCO": "Baltimore city", "STATE_NAME": "Maryland", "LSAD": "CT", "ALAND": 1906851, "AWATER": 2352887 }, "geometry": { "type": "Polygon", "coordinates": [ [ [ -76.600901, 39.269015 ], [ -76.599699, 39.271093 ], [ -76.598908, 39.2708 ], [ -76.595079, 39.277199 ], [ -76.592991, 39.277527 ], [ -76.589884, 39.278005 ], [ -76.586588, 39.277306 ], [ -76.577586, 39.271606 ], [ -76.575486, 39.267105 ], [ -76.575218, 39.265652 ], [ -76.575030938913201, 39.2646422283878 ], [ -76.577453, 39.264557 ], [ -76.579474, 39.261521 ], [ -76.583039, 39.261245 ], [ -76.586485, 39.261337 ], [ -76.5848877881227, 39.255371176428497 ], [ -76.589488, 39.254806 ], [ -76.598588, 39.254806 ], [ -76.592715, 39.265272 ], [ -76.596918, 39.266182 ], [ -76.600833, 39.266823 ], [ -76.600901, 39.269015 ] ] ] } },
{ "type": "Feature", "properties": { "STATEFP": "24", "COUNTYFP": "510", "TRACTCE": "070300", "GEOIDFQ": "1400000US24510070300", "GEOID": "24510070300", "NAME": "703", "NAMELSAD": "Census Tract 703", "STUSPS": "MD", "NAMELSADCO": "Baltimore city", "STATE_NAME": "Maryland", "LSAD": "CT", "ALAND": 228689, "AWATER": 0 }, "geometry": { "type": "Polygon", "coordinates": [ [ [ -76.588135, 39.303218 ], [ -76.586519, 39.302495 ], [ -76.585358, 39.302297 ], [ -76.583903, 39.301807 ], [ -76.583721, 39.298807 ], [ -76.583585, 39.296687 ], [ -76.58773, 39.296519 ], [ -76.587869, 39.298647 ], [ -76.588079, 39.302138 ], [ -76.588135, 39.303218 ] ] ] } },
{ "type": "Feature", "properties": { "STATEFP": "24", "COUNTYFP": "510", "TRACTCE": "270301", "GEOIDFQ": "1400000US24510270301", "GEOID": "24510270301", "NAME": "2703.01", "NAMELSAD": "Census Tract 2703.01", "STUSPS": "MD", "NAMELSADCO": "Baltimore city", "STATE_NAME": "Maryland", "LSAD": "CT", "ALAND": 1138525, "AWATER": 0 }, "geometry": { "type": "Polygon", "coordinates": [ [ [ -76.581827, 39.349018 ], [ -76.579488, 39.350405 ], [ -76.577609, 39.349775 ], [ -76.577649, 39.352457 ], [ -76.57418, 39.352651 ], [ -76.573015, 39.353903 ], [ -76.572549, 39.353808 ], [ -76.570315, 39.353439 ], [ -76.568117, 39.353064 ], [ -76.566612, 39.352787 ], [ -76.565726, 39.352393 ], [ -76.563355, 39.350138 ], [ -76.565937, 39.347063 ], [ -76.56618, 39.346778 ], [ -76.568678, 39.343216 ], [ -76.569136, 39.342826 ], [ -76.57134, 39.344489 ], [ -76.573724, 39.345561 ], [ -76.574266, 39.345718 ], [ -76.575585, 39.345589 ], [ -76.57707, 39.345409 ], [ -76.579179, 39.345194 ], [ -76.580805, 39.345277 ], [ -76.581827, 39.349018 ] ] ] } },
{ "type": "Feature", "properties": { "STATEFP": "24", "COUNTYFP": "510", "TRACTCE": "272003", "GEOIDFQ": "1400000US24510272003", "GEOID": "24510272003", "NAME": "2720.03", "NAMELSAD": "Census Tract 2720.03", "STUSPS": "MD", "NAMELSADCO": "Baltimore city", "STATE_NAME": "Maryland", "LSAD": "CT", "ALAND": 1934714, "AWATER": 0 }, "geometry": { "type": "Polygon", "coordinates": [ [ [ -76.698246, 39.363623 ], [ -76.697167, 39.364952 ], [ -76.692191, 39.365918 ], [ -76.69075, 39.365684 ], [ -76.689582, 39.36421 ], [ -76.685093, 39.365505 ], [ -76.685228, 39.36897 ], [ -76.680807, 39.369059 ], [ -76.682172, 39.370525 ], [ -76.682273, 39.370982 ], [ -76.682343, 39.372201 ], [ -76.678773, 39.37215 ], [ -76.678191, 39.371994 ], [ -76.677545, 39.369693 ], [ -76.674202, 39.366381 ], [ -76.67336, 39.364547 ], [ -76.673301, 39.364466 ], [ -76.673109, 39.364244 ], [ -76.675658, 39.362375 ], [ -76.679151, 39.360532 ], [ -76.682956, 39.358518 ], [ -76.688144, 39.35576 ], [ -76.68959, 39.356505 ], [ -76.694038, 39.358715 ], [ -76.696712, 39.360122 ], [ -76.697885, 39.360799 ], [ -76.699798, 39.362363 ], [ -76.698246, 39.363623 ] ] ] } },
{ "type": "Feature", "properties": { "STATEFP": "24", "COUNTYFP": "510", "TRACTCE": "130600", "GEOIDFQ": "1400000US24510130600", "GEOID": "24510130600", "NAME": "1306", "NAMELSAD": "Census Tract 1306", "STUSPS": "MD", "NAMELSADCO": "Baltimore city", "STATE_NAME": "Maryland", "LSAD": "CT", "ALAND": 872125, "AWATER": 3815 }, "geometry": { "type": "Polygon", "coordinates": [ [ [ -76.635446, 39.332613 ], [ -76.632791, 39.332743 ], [ -76.631359, 39.332814 ], [ -76.631254, 39.331172 ], [ -76.6294, 39.331253 ], [ -76.626759, 39.33133 ], [ -76.625917, 39.331158 ], [ -76.624973, 39.327824 ], [ -76.625348, 39.326224 ], [ -76.626023, 39.325336 ], [ -76.626132, 39.323849 ], [ -76.626177, 39.320843 ], [ -76.626752, 39.320889 ], [ -76.627476, 39.320484 ], [ -76.629888, 39.318154 ], [ -76.632701, 39.323496 ], [ -76.6343, 39.324737 ], [ -76.633653, 39.325568 ], [ -76.63321, 39.32697 ], [ -76.634924, 39.330864 ], [ -76.634964, 39.331049 ], [ -76.635446, 39.332613 ] ] ] } },
{ "type": "Feature", "properties": { "STATEFP": "24", "COUNTYFP": "510", "TRACTCE": "271400", "GEOIDFQ": "1400000US24510271400", "GEOID": "24510271400", "NAME": "2714", "NAMELSAD": "Census Tract 2714", "STUSPS": "MD", "NAMELSADCO": "Baltimore city", "STATE_NAME": "Maryland", "LSAD": "CT", "ALAND": 1717441, "AWATER": 0 }, "geometry": { "type": "Polygon", "coordinates": [ [ [ -76.643328, 39.35316 ], [ -76.639668, 39.353044 ], [ -76.637464, 39.353843 ], [ -76.634064, 39.353133 ], [ -76.632222, 39.353076 ], [ -76.629227, 39.353429 ], [ -76.628184, 39.348748 ], [ -76.626282, 39.34506 ], [ -76.625629, 39.344001 ], [ -76.625785, 39.341591 ], [ -76.625744, 39.339604 ], [ -76.624024, 39.336479 ], [ -76.624544, 39.336791 ], [ -76.625566, 39.33735 ], [ -76.627683, 39.339122 ], [ -76.62858, 39.339436 ], [ -76.631389, 39.339326 ], [ -76.634624, 39.341765 ], [ -76.635163, 39.342645 ], [ -76.635382, 39.34388 ], [ -76.63917, 39.343066 ], [ -76.640283, 39.343372 ], [ -76.642035, 39.348863 ], [ -76.643328, 39.35316 ] ] ] } },
{ "type": "Feature", "properties": { "STATEFP": "24", "COUNTYFP": "510", "TRACTCE": "120700", "GEOIDFQ": "1400000US24510120700", "GEOID": "24510120700", "NAME": "1207", "NAMELSAD": "Census Tract 1207", "STUSPS": "MD", "NAMELSADCO": "Baltimore city", "STATE_NAME": "Maryland", "LSAD": "CT", "ALAND": 1034427, "AWATER": 9367 }, "geometry": { "type": "Polygon", "coordinates": [ [ [ -76.629888, 39.318154 ], [ -76.627476, 39.320484 ], [ -76.626752, 39.320889 ], [ -76.626177, 39.320843 ], [ -76.626132, 39.323849 ], [ -76.626023, 39.325336 ], [ -76.625348, 39.326224 ], [ -76.62291, 39.326262 ], [ -76.620553, 39.324687 ], [ -76.620114, 39.323152 ], [ -76.619908, 39.320531 ], [ -76.619559, 39.315159 ], [ -76.61932, 39.311435 ], [ -76.619354, 39.310956 ], [ -76.620221, 39.310945 ], [ -76.623277, 39.310848 ], [ -76.625574, 39.312345 ], [ -76.627862, 39.314749 ], [ -76.628466, 39.3154 ], [ -76.62943, 39.317081 ], [ -76.629888, 39.318154 ] ] ] } },
{ "type": "Feature", "properties": { "STATEFP": "24", "COUNTYFP": "510", "TRACTCE": "270805", "GEOIDFQ": "1400000US24510270805", "GEOID": "24510270805", "NAME": "2708.05", "NAMELSAD": "Census Tract 2708.05", "STUSPS": "MD", "NAMELSADCO": "Baltimore city", "STATE_NAME": "Maryland", "LSAD": "CT", "ALAND": 1248265, "AWATER": 0 }, "geometry": { "type": "Polygon", "coordinates": [ [ [ -76.610005, 39.358549 ], [ -76.609985, 39.365126 ], [ -76.608656, 39.365059 ], [ -76.607244, 39.364853 ], [ -76.605527, 39.36458 ], [ -76.60296, 39.36502 ], [ -76.599283, 39.365912 ], [ -76.597883, 39.36314 ], [ -76.598102, 39.359909 ], [ -76.597752, 39.358535 ], [ -76.595172, 39.355519 ], [ -76.594666, 39.354075 ], [ -76.595733, 39.354022 ], [ -76.596944, 39.354001 ], [ -76.598289, 39.354166 ], [ -76.602334, 39.354711 ], [ -76.609953, 39.355503 ], [ -76.60997, 39.356525 ], [ -76.609977, 39.35682 ], [ -76.610001, 39.358417 ], [ -76.610005, 39.358549 ] ] ] } },
{ "type": "Feature", "properties": { "STATEFP": "24", "COUNTYFP": "510", "TRACTCE": "200701", "GEOIDFQ": "1400000US24510200701", "GEOID": "24510200701", "NAME": "2007.01", "NAMELSAD": "Census Tract 2007.01", "STUSPS": "MD", "NAMELSADCO": "Baltimore city", "STATE_NAME": "Maryland", "LSAD": "CT", "ALAND": 1203683, "AWATER": 0 }, "geometry": { "type": "Polygon", "coordinates": [ [ [ -76.689425, 39.293581 ], [ -76.685995, 39.293711 ], [ -76.681211, 39.293884 ], [ -76.680657, 39.293903 ], [ -76.675574, 39.294097 ], [ -76.67278, 39.294174 ], [ -76.67257, 39.290681 ], [ -76.672573, 39.2906 ], [ -76.672341, 39.286403 ], [ -76.672316, 39.285832 ], [ -76.672982, 39.285805 ], [ -76.676279, 39.288107 ], [ -76.676368, 39.288165 ], [ -76.680813, 39.284149 ], [ -76.681447, 39.284242 ], [ -76.686776, 39.287229 ], [ -76.687874, 39.287664 ], [ -76.688925, 39.288204 ], [ -76.689425, 39.293581 ] ] ] } },
{ "type": "Feature", "properties": { "STATEFP": "24", "COUNTYFP": "510", "TRACTCE": "160500", "GEOIDFQ": "1400000US24510160500", "GEOID": "24510160500", "NAME": "1605", "NAMELSAD": "Census Tract 1605", "STUSPS": "MD", "NAMELSADCO": "Baltimore city", "STATE_NAME": "Maryland", "LSAD": "CT", "ALAND": 1048118, "AWATER": 0 }, "geometry": { "type": "Polygon", "coordinates": [ [ [ -76.660898, 39.306144 ], [ -76.659038, 39.306252 ], [ -76.657936, 39.305372 ], [ -76.653788, 39.303909 ], [ -76.651607, 39.30335 ], [ -76.64865, 39.302917 ], [ -76.647717, 39.302305 ], [ -76.650177, 39.30107 ], [ -76.651354, 39.298638 ], [ -76.650607, 39.298663 ], [ -76.650477, 39.295072 ], [ -76.650383, 39.293698 ], [ -76.656274, 39.293439 ], [ -76.659353, 39.293352 ], [ -76.659412, 39.294633 ], [ -76.659589, 39.298339 ], [ -76.660603, 39.299796 ], [ -76.660824, 39.300451 ], [ -76.660868, 39.301542 ], [ -76.660721, 39.302624 ], [ -76.660829, 39.303078 ], [ -76.660898, 39.306144 ] ] ] } },
{ "type": "Feature", "properties": { "STATEFP": "24", "COUNTYFP": "510", "TRACTCE": "270804", "GEOIDFQ": "1400000US24510270804", "GEOID": "24510270804", "NAME": "2708.04", "NAMELSAD": "Census Tract 2708.04", "STUSPS": "MD", "NAMELSADCO": "Baltimore city", "STATE_NAME": "Maryland", "LSAD": "CT", "ALAND": 721489, "AWATER": 0 }, "geometry": { "type": "Polygon", "coordinates": [ [ [ -76.609926, 39.36697 ], [ -76.609919, 39.36784 ], [ -76.609805, 39.3722 ], [ -76.605891, 39.372037 ], [ -76.597879, 39.371808 ], [ -76.597045, 39.371868 ], [ -76.599799, 39.369331 ], [ -76.599805, 39.36701 ], [ -76.599283, 39.365912 ], [ -76.60296, 39.36502 ], [ -76.605527, 39.36458 ], [ -76.607244, 39.364853 ], [ -76.608656, 39.365059 ], [ -76.609985, 39.365126 ], [ -76.609926, 39.36697 ] ] ] } },
{ "type": "Feature", "properties": { "STATEFP": "24", "COUNTYFP": "510", "TRACTCE": "270901", "GEOIDFQ": "1400000US24510270901", "GEOID": "24510270901", "NAME": "2709.01", "NAMELSAD": "Census Tract 2709.01", "STUSPS": "MD", "NAMELSADCO": "Baltimore city", "STATE_NAME": "Maryland", "LSAD": "CT", "ALAND": 677441, "AWATER": 0 }, "geometry": { "type": "Polygon", "coordinates": [ [ [ -76.598289, 39.354166 ], [ -76.596944, 39.354001 ], [ -76.595733, 39.354022 ], [ -76.594666, 39.354075 ], [ -76.593326, 39.354131 ], [ -76.592136, 39.354367 ], [ -76.589561, 39.355418 ], [ -76.589577, 39.354852 ], [ -76.590374, 39.352207 ], [ -76.591137, 39.35003 ], [ -76.591419, 39.349263 ], [ -76.592006, 39.346163 ], [ -76.593567, 39.346021 ], [ -76.595458, 39.345174 ], [ -76.595891, 39.345008 ], [ -76.596798, 39.344874 ], [ -76.599729, 39.345149 ], [ -76.598289, 39.354166 ] ] ] } },
{ "type": "Feature", "properties": { "STATEFP": "24", "COUNTYFP": "510", "TRACTCE": "270401", "GEOIDFQ": "1400000US24510270401", "GEOID": "24510270401", "NAME": "2704.01", "NAMELSAD": "Census Tract 2704.01", "STUSPS": "MD", "NAMELSADCO": "Baltimore city", "STATE_NAME": "Maryland", "LSAD": "CT", "ALAND": 1457277, "AWATER": 0 }, "geometry": { "type": "Polygon", "coordinates": [ [ [ -76.558147, 39.345185 ], [ -76.554682, 39.346922 ], [ -76.551578, 39.347549 ], [ -76.54875, 39.348912 ], [ -76.545591, 39.350384 ], [ -76.543198, 39.351548 ], [ -76.542666, 39.353531 ], [ -76.540165, 39.353602 ], [ -76.535667, 39.351832 ], [ -76.534763, 39.351196 ], [ -76.538996, 39.34741 ], [ -76.541004, 39.345612 ], [ -76.543673, 39.343707 ], [ -76.544753, 39.342946 ], [ -76.545574, 39.342364 ], [ -76.547409, 39.341103 ], [ -76.55166, 39.338122 ], [ -76.552441, 39.337614 ], [ -76.553285, 39.339229 ], [ -76.554799, 39.341218 ], [ -76.555376, 39.34192 ], [ -76.558147, 39.345185 ] ] ] } },
{ "type": "Feature", "properties": { "STATEFP": "24", "COUNTYFP": "510", "TRACTCE": "270402", "GEOIDFQ": "1400000US24510270402", "GEOID": "24510270402", "NAME": "2704.02", "NAMELSAD": "Census Tract 2704.02", "STUSPS": "MD", "NAMELSADCO": "Baltimore city", "STATE_NAME": "Maryland", "LSAD": "CT", "ALAND": 1201224, "AWATER": 0 }, "geometry": { "type": "Polygon", "coordinates": [ [ [ -76.563355, 39.350138 ], [ -76.55986, 39.354183 ], [ -76.55917, 39.354999 ], [ -76.557859, 39.356511 ], [ -76.557731, 39.356658 ], [ -76.551914, 39.355052 ], [ -76.548048, 39.354 ], [ -76.545862, 39.353607 ], [ -76.543894, 39.353469 ], [ -76.542666, 39.353531 ], [ -76.543198, 39.351548 ], [ -76.545591, 39.350384 ], [ -76.54875, 39.348912 ], [ -76.551578, 39.347549 ], [ -76.554682, 39.346922 ], [ -76.558147, 39.345185 ], [ -76.560257, 39.347685 ], [ -76.560885, 39.348354 ], [ -76.563355, 39.350138 ] ] ] } },
{ "type": "Feature", "properties": { "STATEFP": "24", "COUNTYFP": "510", "TRACTCE": "260101", "GEOIDFQ": "1400000US24510260101", "GEOID": "24510260101", "NAME": "2601.01", "NAMELSAD": "Census Tract 2601.01", "STUSPS": "MD", "NAMELSADCO": "Baltimore city", "STATE_NAME": "Maryland", "LSAD": "CT", "ALAND": 1635742, "AWATER": 0 }, "geometry": { "type": "Polygon", "coordinates": [ [ [ -76.544753, 39.342946 ], [ -76.543673, 39.343707 ], [ -76.541004, 39.345612 ], [ -76.538996, 39.34741 ], [ -76.534763, 39.351196 ], [ -76.529773, 39.355575 ], [ -76.529774, 39.353707 ], [ -76.529453, 39.350723 ], [ -76.529594, 39.349741 ], [ -76.529706, 39.348811 ], [ -76.529783, 39.342151 ], [ -76.529693, 39.336142 ], [ -76.530318, 39.335969 ], [ -76.533694, 39.337208 ], [ -76.535872, 39.336957 ], [ -76.537755, 39.336732 ], [ -76.53896, 39.336832 ], [ -76.540625, 39.337798 ], [ -76.541467, 39.339465 ], [ -76.545574, 39.342364 ], [ -76.544753, 39.342946 ] ] ] } },
{ "type": "Feature", "properties": { "STATEFP": "24", "COUNTYFP": "510", "TRACTCE": "261100", "GEOIDFQ": "1400000US24510261100", "GEOID": "24510261100", "NAME": "2611", "NAMELSAD": "Census Tract 2611", "STUSPS": "MD", "NAMELSADCO": "Baltimore city", "STATE_NAME": "Maryland", "LSAD": "CT", "ALAND": 219783, "AWATER": 0 }, "geometry": { "type": "Polygon", "coordinates": [ [ [ -76.571607, 39.287477 ], [ -76.569091, 39.287565 ], [ -76.568845, 39.283509 ], [ -76.56878, 39.282488 ], [ -76.568512, 39.278417 ], [ -76.571008, 39.278337 ], [ -76.571151, 39.280366 ], [ -76.571261, 39.282382 ], [ -76.571339, 39.283407 ], [ -76.571396, 39.284423 ], [ -76.571607, 39.287477 ] ] ] } },
{ "type": "Feature", "properties": { "STATEFP": "24", "COUNTYFP": "510", "TRACTCE": "260301", "GEOIDFQ": "1400000US24510260301", "GEOID": "24510260301", "NAME": "2603.01", "NAMELSAD": "Census Tract 2603.01", "STUSPS": "MD", "NAMELSADCO": "Baltimore city", "STATE_NAME": "Maryland", "LSAD": "CT", "ALAND": 607369, "AWATER": 0 }, "geometry": { "type": "Polygon", "coordinates": [ [ [ -76.573745, 39.321612 ], [ -76.571286, 39.323389 ], [ -76.569634, 39.32472 ], [ -76.569447, 39.32488 ], [ -76.567543, 39.326406 ], [ -76.565589, 39.325222 ], [ -76.562605, 39.32467 ], [ -76.561433, 39.323472 ], [ -76.560491, 39.321176 ], [ -76.559759, 39.320994 ], [ -76.56054, 39.320224 ], [ -76.562827, 39.31975 ], [ -76.56647, 39.319221 ], [ -76.567534, 39.319085 ], [ -76.569962, 39.318792 ], [ -76.570439, 39.318423 ], [ -76.571103, 39.319612 ], [ -76.571729, 39.320259 ], [ -76.573745, 39.321612 ] ] ] } },
{ "type": "Feature", "properties": { "STATEFP": "24", "COUNTYFP": "510", "TRACTCE": "250206", "GEOIDFQ": "1400000US24510250206", "GEOID": "24510250206", "NAME": "2502.06", "NAMELSAD": "Census Tract 2502.06", "STUSPS": "MD", "NAMELSADCO": "Baltimore city", "STATE_NAME": "Maryland", "LSAD": "CT", "ALAND": 2549600, "AWATER": 18103 }, "geometry": { "type": "Polygon", "coordinates": [ [ [ -76.671563, 39.275933 ], [ -76.669418, 39.275522 ], [ -76.667082, 39.276147 ], [ -76.665061, 39.275043 ], [ -76.662291, 39.27624 ], [ -76.659408, 39.274653 ], [ -76.657608, 39.276041 ], [ -76.65664, 39.276256 ], [ -76.654919, 39.275524 ], [ -76.655243, 39.274924 ], [ -76.654996, 39.271192 ], [ -76.654239, 39.266995 ], [ -76.653422, 39.265822 ], [ -76.652073, 39.264642 ], [ -76.651693, 39.263463 ], [ -76.651677, 39.26097 ], [ -76.649834, 39.260314 ], [ -76.65251, 39.258401 ], [ -76.657559, 39.256784 ], [ -76.65986, 39.255509 ], [ -76.66261, 39.256796 ], [ -76.664322, 39.257442 ], [ -76.664247, 39.25851 ], [ -76.664882, 39.260554 ], [ -76.667055, 39.265971 ], [ -76.668788, 39.26943 ], [ -76.671489, 39.273887 ], [ -76.671563, 39.275933 ] ] ] } },
{ "type": "Feature", "properties": { "STATEFP": "24", "COUNTYFP": "510", "TRACTCE": "220100", "GEOIDFQ": "1400000US24510220100", "GEOID": "24510220100", "NAME": "2201", "NAMELSAD": "Census Tract 2201", "STUSPS": "MD", "NAMELSADCO": "Baltimore city", "STATE_NAME": "Maryland", "LSAD": "CT", "ALAND": 1154889, "AWATER": 284941 }, "geometry": { "type": "Polygon", "coordinates": [ [ [ -76.627539, 39.286057 ], [ -76.622129, 39.286257 ], [ -76.620755, 39.286261 ], [ -76.619332, 39.286316 ], [ -76.614896, 39.286513 ], [ -76.612128, 39.286603 ], [ -76.605139, 39.286851 ], [ -76.605001, 39.286855 ], [ -76.603688, 39.280906 ], [ -76.602788, 39.279806 ], [ -76.604293, 39.279303 ], [ -76.606433, 39.279228 ], [ -76.609234, 39.278994 ], [ -76.612623, 39.27889 ], [ -76.614525, 39.278985 ], [ -76.616446, 39.278919 ], [ -76.618254, 39.279381 ], [ -76.618999, 39.279052 ], [ -76.61979, 39.280205 ], [ -76.620207, 39.28027 ], [ -76.623186, 39.281238 ], [ -76.625384, 39.282235 ], [ -76.627539, 39.286057 ] ] ] } },
{ "type": "Feature", "properties": { "STATEFP": "24", "COUNTYFP": "510", "TRACTCE": "030200", "GEOIDFQ": "1400000US24510030200", "GEOID": "24510030200", "NAME": "302", "NAMELSAD": "Census Tract 302", "STUSPS": "MD", "NAMELSADCO": "Baltimore city", "STATE_NAME": "Maryland", "LSAD": "CT", "ALAND": 506036, "AWATER": 91912 }, "geometry": { "type": "Polygon", "coordinates": [ [ [ -76.606429, 39.290712 ], [ -76.603006, 39.291641 ], [ -76.599687, 39.292536 ], [ -76.599565, 39.290217 ], [ -76.599415, 39.288364 ], [ -76.599227, 39.285337 ], [ -76.599009, 39.282253 ], [ -76.602588, 39.279506 ], [ -76.602788, 39.279806 ], [ -76.603688, 39.280906 ], [ -76.605001, 39.286855 ], [ -76.605139, 39.286851 ], [ -76.605805, 39.289962 ], [ -76.606429, 39.290712 ] ] ] } },
{ "type": "Feature", "properties": { "STATEFP": "24", "COUNTYFP": "510", "TRACTCE": "010200", "GEOIDFQ": "1400000US24510010200", "GEOID": "24510010200", "NAME": "102", "NAMELSAD": "Census Tract 102", "STUSPS": "MD", "NAMELSADCO": "Baltimore city", "STATE_NAME": "Maryland", "LSAD": "CT", "ALAND": 355165, "AWATER": 0 }, "geometry": { "type": "Polygon", "coordinates": [ [ [ -76.577242, 39.286242 ], [ -76.575814, 39.2863 ], [ -76.576174, 39.292232 ], [ -76.575508, 39.292257 ], [ -76.574076, 39.292312 ], [ -76.57238, 39.292381 ], [ -76.571839, 39.291243 ], [ -76.571669, 39.288471 ], [ -76.571607, 39.287477 ], [ -76.571396, 39.284423 ], [ -76.572821, 39.284364 ], [ -76.57709, 39.284207 ], [ -76.577242, 39.286242 ] ] ] } },
{ "type": "Feature", "properties": { "STATEFP": "24", "COUNTYFP": "510", "TRACTCE": "080101", "GEOIDFQ": "1400000US24510080101", "GEOID": "24510080101", "NAME": "801.01", "NAMELSAD": "Census Tract 801.01", "STUSPS": "MD", "NAMELSADCO": "Baltimore city", "STATE_NAME": "Maryland", "LSAD": "CT", "ALAND": 2323952, "AWATER": 1899 }, "geometry": { "type": "Polygon", "coordinates": [ [ [ -76.592821, 39.319178 ], [ -76.591683, 39.32026 ], [ -76.590658, 39.321239 ], [ -76.589978, 39.321861 ], [ -76.588534, 39.32283 ], [ -76.58747, 39.323564 ], [ -76.584576, 39.327047 ], [ -76.583874, 39.327913 ], [ -76.578992, 39.331762 ], [ -76.576547, 39.333861 ], [ -76.575302, 39.33222 ], [ -76.569928, 39.32954 ], [ -76.570771, 39.32721 ], [ -76.568236, 39.327416 ], [ -76.567543, 39.326406 ], [ -76.569447, 39.32488 ], [ -76.569634, 39.32472 ], [ -76.571286, 39.323389 ], [ -76.573745, 39.321612 ], [ -76.574591, 39.320865 ], [ -76.578871, 39.317108 ], [ -76.581813, 39.314553 ], [ -76.585062, 39.314926 ], [ -76.589881, 39.316123 ], [ -76.594867, 39.317238 ], [ -76.592821, 39.319178 ] ] ] } },
{ "type": "Feature", "properties": { "STATEFP": "24", "COUNTYFP": "510", "TRACTCE": "260404", "GEOIDFQ": "1400000US24510260404", "GEOID": "24510260404", "NAME": "2604.04", "NAMELSAD": "Census Tract 2604.04", "STUSPS": "MD", "NAMELSADCO": "Baltimore city", "STATE_NAME": "Maryland", "LSAD": "CT", "ALAND": 4467107, "AWATER": 0 }, "geometry": { "type": "Polygon", "coordinates": [ [ [ -76.573046, 39.309338 ], [ -76.568615, 39.309379 ], [ -76.565478, 39.30897 ], [ -76.554885, 39.301018 ], [ -76.553479, 39.300151 ], [ -76.550674, 39.301077 ], [ -76.546089, 39.302548 ], [ -76.539257, 39.304629 ], [ -76.536411, 39.305962 ], [ -76.529786, 39.310391 ], [ -76.529786, 39.29911 ], [ -76.529517, 39.297056 ], [ -76.531241, 39.296116 ], [ -76.532785, 39.295414 ], [ -76.53634, 39.296171 ], [ -76.54812, 39.295665 ], [ -76.55181, 39.292098 ], [ -76.554992, 39.291911 ], [ -76.557417, 39.291799 ], [ -76.562744, 39.291595 ], [ -76.562827, 39.292754 ], [ -76.569413, 39.292487 ], [ -76.569462, 39.293066 ], [ -76.56974, 39.297225 ], [ -76.569869, 39.299202 ], [ -76.569911, 39.29935 ], [ -76.572661, 39.299237 ], [ -76.572789, 39.299234 ], [ -76.572793, 39.302721 ], [ -76.573046, 39.309338 ] ] ] } },
{ "type": "Feature", "properties": { "STATEFP": "24", "COUNTYFP": "510", "TRACTCE": "130400", "GEOIDFQ": "1400000US24510130400", "GEOID": "24510130400", "NAME": "1304", "NAMELSAD": "Census Tract 1304", "STUSPS": "MD", "NAMELSADCO": "Baltimore city", "STATE_NAME": "Maryland", "LSAD": "CT", "ALAND": 2599677, "AWATER": 203955 }, "geometry": { "type": "Polygon", "coordinates": [ [ [ -76.657528, 39.325453 ], [ -76.655061, 39.329543 ], [ -76.654032, 39.330291 ], [ -76.651891, 39.331051 ], [ -76.646191, 39.329905 ], [ -76.644591, 39.329705 ], [ -76.642788, 39.329658 ], [ -76.640528, 39.327216 ], [ -76.640014, 39.326736 ], [ -76.6343, 39.324737 ], [ -76.632701, 39.323496 ], [ -76.629888, 39.318154 ], [ -76.62943, 39.317081 ], [ -76.630594, 39.316802 ], [ -76.633956, 39.317011 ], [ -76.636903, 39.316914 ], [ -76.639406, 39.315838 ], [ -76.640303, 39.315139 ], [ -76.641075, 39.314528 ], [ -76.643631, 39.315793 ], [ -76.644557, 39.314876 ], [ -76.646316, 39.313248 ], [ -76.648725, 39.315225 ], [ -76.650494, 39.316704 ], [ -76.652014, 39.31805 ], [ -76.652477, 39.318549 ], [ -76.657105, 39.324785 ], [ -76.657528, 39.325453 ] ] ] } },
{ "type": "Feature", "properties": { "STATEFP": "24", "COUNTYFP": "510", "TRACTCE": "260302", "GEOIDFQ": "1400000US24510260302", "GEOID": "24510260302", "NAME": "2603.02", "NAMELSAD": "Census Tract 2603.02", "STUSPS": "MD", "NAMELSADCO": "Baltimore city", "STATE_NAME": "Maryland", "LSAD": "CT", "ALAND": 896864, "AWATER": 0 }, "geometry": { "type": "Polygon", "coordinates": [ [ [ -76.572969, 39.317075 ], [ -76.571729, 39.320259 ], [ -76.571103, 39.319612 ], [ -76.570439, 39.318423 ], [ -76.569962, 39.318792 ], [ -76.567534, 39.319085 ], [ -76.56647, 39.319221 ], [ -76.562827, 39.31975 ], [ -76.56054, 39.320224 ], [ -76.559759, 39.320994 ], [ -76.557686, 39.321426 ], [ -76.556407, 39.320695 ], [ -76.555024, 39.317956 ], [ -76.557123, 39.316561 ], [ -76.559314, 39.315315 ], [ -76.563668, 39.313642 ], [ -76.566407, 39.313561 ], [ -76.567713, 39.313531 ], [ -76.570447, 39.313451 ], [ -76.573137, 39.314474 ], [ -76.572969, 39.317075 ] ] ] } },
{ "type": "Feature", "properties": { "STATEFP": "24", "COUNTYFP": "510", "TRACTCE": "250203", "GEOIDFQ": "1400000US24510250203", "GEOID": "24510250203", "NAME": "2502.03", "NAMELSAD": "Census Tract 2502.03", "STUSPS": "MD", "NAMELSADCO": "Baltimore city", "STATE_NAME": "Maryland", "LSAD": "CT", "ALAND": 923337, "AWATER": 361546 }, "geometry": { "type": "Polygon", "coordinates": [ [ [ -76.624957, 39.249132 ], [ -76.620881, 39.250895 ], [ -76.618436, 39.251946 ], [ -76.617421, 39.252484 ], [ -76.617912, 39.253894 ], [ -76.616437, 39.257216 ], [ -76.610488, 39.254706 ], [ -76.608288, 39.254706 ], [ -76.609089, 39.249906 ], [ -76.612489, 39.246606 ], [ -76.614642, 39.241092 ], [ -76.621721, 39.241702 ], [ -76.619496, 39.244593 ], [ -76.618824, 39.24575 ], [ -76.623001, 39.248131 ], [ -76.623857, 39.248517 ], [ -76.625398, 39.249082 ], [ -76.624957, 39.249132 ] ] ] } },
{ "type": "Feature", "properties": { "STATEFP": "24", "COUNTYFP": "510", "TRACTCE": "080500", "GEOIDFQ": "1400000US24510080500", "GEOID": "24510080500", "NAME": "805", "NAMELSAD": "Census Tract 805", "STUSPS": "MD", "NAMELSADCO": "Baltimore city", "STATE_NAME": "Maryland", "LSAD": "CT", "ALAND": 348376, "AWATER": 0 }, "geometry": { "type": "Polygon", "coordinates": [ [ [ -76.599057, 39.312961 ], [ -76.597941, 39.314262 ], [ -76.596435, 39.315713 ], [ -76.594867, 39.317238 ], [ -76.589881, 39.316123 ], [ -76.590619, 39.315073 ], [ -76.59057, 39.314304 ], [ -76.588812, 39.314343 ], [ -76.588692, 39.312419 ], [ -76.591098, 39.312313 ], [ -76.593096, 39.312217 ], [ -76.595233, 39.312158 ], [ -76.598477, 39.311992 ], [ -76.59937, 39.311942 ], [ -76.599057, 39.312961 ] ] ] } },
{ "type": "Feature", "properties": { "STATEFP": "24", "COUNTYFP": "510", "TRACTCE": "090900", "GEOIDFQ": "1400000US24510090900", "GEOID": "24510090900", "NAME": "909", "NAMELSAD": "Census Tract 909", "STUSPS": "MD", "NAMELSADCO": "Baltimore city", "STATE_NAME": "Maryland", "LSAD": "CT", "ALAND": 686864, "AWATER": 0 }, "geometry": { "type": "Polygon", "coordinates": [ [ [ -76.609497, 39.311405 ], [ -76.607133, 39.311536 ], [ -76.606158, 39.311605 ], [ -76.59937, 39.311942 ], [ -76.598477, 39.311992 ], [ -76.598318, 39.309477 ], [ -76.598278, 39.308425 ], [ -76.598069, 39.305222 ], [ -76.603627, 39.305018 ], [ -76.608199, 39.304839 ], [ -76.609391, 39.310071 ], [ -76.609497, 39.311405 ] ] ] } },
{ "type": "Feature", "properties": { "STATEFP": "24", "COUNTYFP": "510", "TRACTCE": "110100", "GEOIDFQ": "1400000US24510110100", "GEOID": "24510110100", "NAME": "1101", "NAMELSAD": "Census Tract 1101", "STUSPS": "MD", "NAMELSADCO": "Baltimore city", "STATE_NAME": "Maryland", "LSAD": "CT", "ALAND": 313921, "AWATER": 0 }, "geometry": { "type": "Polygon", "coordinates": [ [ [ -76.614655, 39.306022 ], [ -76.613486, 39.305958 ], [ -76.612113, 39.305771 ], [ -76.61135, 39.304715 ], [ -76.611516, 39.303603 ], [ -76.611594, 39.302534 ], [ -76.611551, 39.301224 ], [ -76.611313, 39.297707 ], [ -76.611007, 39.294532 ], [ -76.613742, 39.294685 ], [ -76.614342, 39.29512 ], [ -76.613993, 39.296387 ], [ -76.614072, 39.297358 ], [ -76.614243, 39.299721 ], [ -76.614324, 39.301086 ], [ -76.614406, 39.302461 ], [ -76.614482, 39.303524 ], [ -76.614613, 39.305469 ], [ -76.614655, 39.306022 ] ] ] } },
{ "type": "Feature", "properties": { "STATEFP": "24", "COUNTYFP": "510", "TRACTCE": "280404", "GEOIDFQ": "1400000US24510280404", "GEOID": "24510280404", "NAME": "2804.04", "NAMELSAD": "Census Tract 2804.04", "STUSPS": "MD", "NAMELSADCO": "Baltimore city", "STATE_NAME": "Maryland", "LSAD": "CT", "ALAND": 848958, "AWATER": 0 }, "geometry": { "type": "Polygon", "coordinates": [ [ [ -76.697993, 39.29306 ], [ -76.696359, 39.293298 ], [ -76.689425, 39.293581 ], [ -76.688925, 39.288204 ], [ -76.687874, 39.287664 ], [ -76.686776, 39.287229 ], [ -76.686706, 39.281656 ], [ -76.692931, 39.281469 ], [ -76.693817, 39.28484 ], [ -76.693892, 39.285755 ], [ -76.695944, 39.288681 ], [ -76.697204, 39.289137 ], [ -76.697993, 39.29306 ] ] ] } },
{ "type": "Feature", "properties": { "STATEFP": "24", "COUNTYFP": "510", "TRACTCE": "270801", "GEOIDFQ": "1400000US24510270801", "GEOID": "24510270801", "NAME": "2708.01", "NAMELSAD": "Census Tract 2708.01", "STUSPS": "MD", "NAMELSADCO": "Baltimore city", "STATE_NAME": "Maryland", "LSAD": "CT", "ALAND": 806701, "AWATER": 0 }, "geometry": { "type": "Polygon", "coordinates": [ [ [ -76.599799, 39.369331 ], [ -76.597045, 39.371868 ], [ -76.594904, 39.371931 ], [ -76.588305, 39.371941 ], [ -76.587701, 39.371782 ], [ -76.585599, 39.372024 ], [ -76.583457, 39.37211 ], [ -76.582208, 39.372106 ], [ -76.581956, 39.372105 ], [ -76.584053, 39.368525 ], [ -76.58551, 39.366039 ], [ -76.586604, 39.36604 ], [ -76.590632, 39.366603 ], [ -76.593337, 39.367001 ], [ -76.595308, 39.366802 ], [ -76.599283, 39.365912 ], [ -76.599805, 39.36701 ], [ -76.599799, 39.369331 ] ] ] } },
{ "type": "Feature", "properties": { "STATEFP": "24", "COUNTYFP": "510", "TRACTCE": "250600", "GEOIDFQ": "1400000US24510250600", "GEOID": "24510250600", "NAME": "2506", "NAMELSAD": "Census Tract 2506", "STUSPS": "MD", "NAMELSADCO": "Baltimore city", "STATE_NAME": "Maryland", "LSAD": "CT", "ALAND": 5660512, "AWATER": 9589221 }, "geometry": { "type": "Polygon", "coordinates": [ [ [ -76.612489, 39.246606 ], [ -76.609089, 39.249906 ], [ -76.608288, 39.254706 ], [ -76.598588, 39.254806 ], [ -76.589488, 39.254806 ], [ -76.5848877881227, 39.255371176428497 ], [ -76.584465, 39.253792 ], [ -76.580187, 39.251951 ], [ -76.578523, 39.251215 ], [ -76.578523, 39.248822 ], [ -76.571749, 39.245601 ], [ -76.565569, 39.241183 ], [ -76.56343, 39.23787 ], [ -76.562242, 39.235292 ], [ -76.560103, 39.235476 ], [ -76.558439, 39.233727 ], [ -76.558914, 39.232255 ], [ -76.559992, 39.231166 ], [ -76.562479, 39.230414 ], [ -76.562836, 39.229677 ], [ -76.562004, 39.22756 ], [ -76.5645, 39.224614 ], [ -76.559461104150003, 39.220406018130703 ], [ -76.561642, 39.220633 ], [ -76.566186, 39.221106 ], [ -76.577387, 39.224906 ], [ -76.579287, 39.226706 ], [ -76.580587, 39.230906 ], [ -76.581969, 39.232078 ], [ -76.585039, 39.232402 ], [ -76.590603, 39.238165 ], [ -76.593105, 39.241049 ], [ -76.596954, 39.240977 ], [ -76.595552, 39.239143 ], [ -76.601231, 39.240609 ], [ -76.608808, 39.24002 ], [ -76.60848, 39.240643 ], [ -76.614642, 39.241092 ], [ -76.612489, 39.246606 ] ] ] } },
{ "type": "Feature", "properties": { "STATEFP": "24", "COUNTYFP": "510", "TRACTCE": "080301", "GEOIDFQ": "1400000US24510080301", "GEOID": "24510080301", "NAME": "803.01", "NAMELSAD": "Census Tract 803.01", "STUSPS": "MD", "NAMELSADCO": "Baltimore city", "STATE_NAME": "Maryland", "LSAD": "CT", "ALAND": 268608, "AWATER": 0 }, "geometry": { "type": "Polygon", "coordinates": [ [ [ -76.584365, 39.308929 ], [ -76.580103, 39.30906 ], [ -76.579921, 39.305941 ], [ -76.579852, 39.304889 ], [ -76.579704, 39.302482 ], [ -76.583901, 39.302313 ], [ -76.584175, 39.30578 ], [ -76.584365, 39.308929 ] ] ] } },
{ "type": "Feature", "properties": { "STATEFP": "24", "COUNTYFP": "510", "TRACTCE": "200100", "GEOIDFQ": "1400000US24510200100", "GEOID": "24510200100", "NAME": "2001", "NAMELSAD": "Census Tract 2001", "STUSPS": "MD", "NAMELSADCO": "Baltimore city", "STATE_NAME": "Maryland", "LSAD": "CT", "ALAND": 264900, "AWATER": 0 }, "geometry": { "type": "Polygon", "coordinates": [ [ [ -76.650383, 39.293698 ], [ -76.64552, 39.293895 ], [ -76.645448, 39.292063 ], [ -76.645222, 39.288228 ], [ -76.646959, 39.288148 ], [ -76.650095, 39.288029 ], [ -76.650218, 39.289924 ], [ -76.650383, 39.293698 ] ] ] } },
{ "type": "Feature", "properties": { "STATEFP": "24", "COUNTYFP": "510", "TRACTCE": "271600", "GEOIDFQ": "1400000US24510271600", "GEOID": "24510271600", "NAME": "2716", "NAMELSAD": "Census Tract 2716", "STUSPS": "MD", "NAMELSADCO": "Baltimore city", "STATE_NAME": "Maryland", "LSAD": "CT", "ALAND": 850296, "AWATER": 0 }, "geometry": { "type": "Polygon", "coordinates": [ [ [ -76.672549, 39.344261 ], [ -76.672386, 39.344643 ], [ -76.671397, 39.345195 ], [ -76.668919, 39.346591 ], [ -76.668784, 39.346607 ], [ -76.665551, 39.346678 ], [ -76.661894, 39.346719 ], [ -76.659447, 39.346506 ], [ -76.659582, 39.345717 ], [ -76.658853, 39.344383 ], [ -76.657193, 39.342303 ], [ -76.658181, 39.340866 ], [ -76.65841, 39.340832 ], [ -76.661279, 39.340698 ], [ -76.663183, 39.340936 ], [ -76.663952, 39.340931 ], [ -76.66514, 39.340336 ], [ -76.666473, 39.339632 ], [ -76.667926, 39.338921 ], [ -76.668324, 39.339392 ], [ -76.673848, 39.341026 ], [ -76.672549, 39.344261 ] ] ] } },
{ "type": "Feature", "properties": { "STATEFP": "24", "COUNTYFP": "510", "TRACTCE": "140300", "GEOIDFQ": "1400000US24510140300", "GEOID": "24510140300", "NAME": "1403", "NAMELSAD": "Census Tract 1403", "STUSPS": "MD", "NAMELSADCO": "Baltimore city", "STATE_NAME": "Maryland", "LSAD": "CT", "ALAND": 389282, "AWATER": 0 }, "geometry": { "type": "Polygon", "coordinates": [ [ [ -76.642514, 39.310089 ], [ -76.638372, 39.310237 ], [ -76.638331, 39.310237 ], [ -76.636986, 39.310319 ], [ -76.633896, 39.310335 ], [ -76.633658, 39.310341 ], [ -76.632658, 39.309499 ], [ -76.630761, 39.307947 ], [ -76.632258, 39.306807 ], [ -76.633407, 39.305969 ], [ -76.634526, 39.305162 ], [ -76.635007, 39.304741 ], [ -76.636829, 39.303421 ], [ -76.638033, 39.305597 ], [ -76.638823, 39.306992 ], [ -76.640392, 39.3083 ], [ -76.642514, 39.310089 ] ] ] } },
{ "type": "Feature", "properties": { "STATEFP": "24", "COUNTYFP": "510", "TRACTCE": "280500", "GEOIDFQ": "1400000US24510280500", "GEOID": "24510280500", "NAME": "2805", "NAMELSAD": "Census Tract 2805", "STUSPS": "MD", "NAMELSADCO": "Baltimore city", "STATE_NAME": "Maryland", "LSAD": "CT", "ALAND": 923979, "AWATER": 0 }, "geometry": { "type": "Polygon", "coordinates": [ [ [ -76.611313, 39.297707 ], [ -76.606332, 39.297912 ], [ -76.604056, 39.298001 ], [ -76.601911, 39.298107 ], [ -76.600074, 39.298171 ], [ -76.597597, 39.298251 ], [ -76.594408, 39.298373 ], [ -76.594179, 39.295143 ], [ -76.594117, 39.293968 ], [ -76.594816, 39.293949 ], [ -76.599687, 39.292536 ], [ -76.603006, 39.291641 ], [ -76.606429, 39.290712 ], [ -76.610541, 39.293472 ], [ -76.611007, 39.294532 ], [ -76.611313, 39.297707 ] ] ] } },
{ "type": "Feature", "properties": { "STATEFP": "24", "COUNTYFP": "510", "TRACTCE": "130700", "GEOIDFQ": "1400000US24510130700", "GEOID": "24510130700", "NAME": "1307", "NAMELSAD": "Census Tract 1307", "STUSPS": "MD", "NAMELSADCO": "Baltimore city", "STATE_NAME": "Maryland", "LSAD": "CT", "ALAND": 1063583, "AWATER": 0 }, "geometry": { "type": "Polygon", "coordinates": [ [ [ -76.640283, 39.343372 ], [ -76.63917, 39.343066 ], [ -76.635382, 39.34388 ], [ -76.635163, 39.342645 ], [ -76.634624, 39.341765 ], [ -76.631389, 39.339326 ], [ -76.62858, 39.339436 ], [ -76.627683, 39.339122 ], [ -76.625566, 39.33735 ], [ -76.624544, 39.336791 ], [ -76.624024, 39.336479 ], [ -76.62376, 39.333934 ], [ -76.624428, 39.33188 ], [ -76.625917, 39.331158 ], [ -76.626759, 39.33133 ], [ -76.6294, 39.331253 ], [ -76.631254, 39.331172 ], [ -76.631359, 39.332814 ], [ -76.632791, 39.332743 ], [ -76.635446, 39.332613 ], [ -76.635638, 39.333202 ], [ -76.636749, 39.336751 ], [ -76.637361, 39.337635 ], [ -76.638982, 39.340027 ], [ -76.639511, 39.341087 ], [ -76.640283, 39.343372 ] ] ] } },
{ "type": "Feature", "properties": { "STATEFP": "24", "COUNTYFP": "510", "TRACTCE": "270101", "GEOIDFQ": "1400000US24510270101", "GEOID": "24510270101", "NAME": "2701.01", "NAMELSAD": "Census Tract 2701.01", "STUSPS": "MD", "NAMELSADCO": "Baltimore city", "STATE_NAME": "Maryland", "LSAD": "CT", "ALAND": 954113, "AWATER": 2251 }, "geometry": { "type": "Polygon", "coordinates": [ [ [ -76.576547, 39.333861 ], [ -76.575221, 39.335243 ], [ -76.573154, 39.335787 ], [ -76.572095, 39.336117 ], [ -76.568325, 39.339026 ], [ -76.567424, 39.339556 ], [ -76.5672, 39.339075 ], [ -76.565121, 39.337286 ], [ -76.563823, 39.335053 ], [ -76.561612, 39.331095 ], [ -76.56412, 39.329249 ], [ -76.567543, 39.326406 ], [ -76.568236, 39.327416 ], [ -76.570771, 39.32721 ], [ -76.569928, 39.32954 ], [ -76.575302, 39.33222 ], [ -76.576547, 39.333861 ] ] ] } },
{ "type": "Feature", "properties": { "STATEFP": "24", "COUNTYFP": "510", "TRACTCE": "150300", "GEOIDFQ": "1400000US24510150300", "GEOID": "24510150300", "NAME": "1503", "NAMELSAD": "Census Tract 1503", "STUSPS": "MD", "NAMELSADCO": "Baltimore city", "STATE_NAME": "Maryland", "LSAD": "CT", "ALAND": 399171, "AWATER": 0 }, "geometry": { "type": "Polygon", "coordinates": [ [ [ -76.659985, 39.309368 ], [ -76.655994, 39.309508 ], [ -76.651339, 39.30968 ], [ -76.651191, 39.307766 ], [ -76.651048, 39.305115 ], [ -76.651607, 39.30335 ], [ -76.653788, 39.303909 ], [ -76.657936, 39.305372 ], [ -76.659038, 39.306252 ], [ -76.659292, 39.306518 ], [ -76.660015, 39.308331 ], [ -76.659985, 39.309368 ] ] ] } },
{ "type": "Feature", "properties": { "STATEFP": "24", "COUNTYFP": "510", "TRACTCE": "151000", "GEOIDFQ": "1400000US24510151000", "GEOID": "24510151000", "NAME": "1510", "NAMELSAD": "Census Tract 1510", "STUSPS": "MD", "NAMELSADCO": "Baltimore city", "STATE_NAME": "Maryland", "LSAD": "CT", "ALAND": 1484009, "AWATER": 0 }, "geometry": { "type": "Polygon", "coordinates": [ [ [ -76.689675, 39.333394 ], [ -76.689361, 39.333977 ], [ -76.689362, 39.337676 ], [ -76.689373, 39.339732 ], [ -76.689379, 39.340754 ], [ -76.683477, 39.340794 ], [ -76.682916, 39.341435 ], [ -76.677964, 39.339925 ], [ -76.678221, 39.339641 ], [ -76.679172, 39.338279 ], [ -76.679078, 39.337035 ], [ -76.678891, 39.335313 ], [ -76.678674, 39.331757 ], [ -76.681068, 39.326945 ], [ -76.682092, 39.325027 ], [ -76.682564, 39.325842 ], [ -76.690069, 39.323586 ], [ -76.687421, 39.328837 ], [ -76.68858, 39.329184 ], [ -76.688646, 39.330431 ], [ -76.690866, 39.331013 ], [ -76.689675, 39.333394 ] ] ] } },
{ "type": "Feature", "properties": { "STATEFP": "24", "COUNTYFP": "510", "TRACTCE": "280302", "GEOIDFQ": "1400000US24510280302", "GEOID": "24510280302", "NAME": "2803.02", "NAMELSAD": "Census Tract 2803.02", "STUSPS": "MD", "NAMELSADCO": "Baltimore city", "STATE_NAME": "Maryland", "LSAD": "CT", "ALAND": 1006761, "AWATER": 0 }, "geometry": { "type": "Polygon", "coordinates": [ [ [ -76.703947, 39.318582 ], [ -76.70177, 39.319596 ], [ -76.70002, 39.320303 ], [ -76.690198, 39.323552 ], [ -76.690069, 39.323586 ], [ -76.689193, 39.32202 ], [ -76.690145, 39.320985 ], [ -76.687748, 39.32144 ], [ -76.688862, 39.31903 ], [ -76.688122, 39.31795 ], [ -76.687295, 39.315497 ], [ -76.686725, 39.315368 ], [ -76.685457, 39.312767 ], [ -76.690004, 39.312386 ], [ -76.692676, 39.314446 ], [ -76.696412, 39.314793 ], [ -76.696924, 39.317274 ], [ -76.700037, 39.317043 ], [ -76.702565, 39.315929 ], [ -76.703947, 39.318582 ] ] ] } },
{ "type": "Feature", "properties": { "STATEFP": "24", "COUNTYFP": "510", "TRACTCE": "270102", "GEOIDFQ": "1400000US24510270102", "GEOID": "24510270102", "NAME": "2701.02", "NAMELSAD": "Census Tract 2701.02", "STUSPS": "MD", "NAMELSADCO": "Baltimore city", "STATE_NAME": "Maryland", "LSAD": "CT", "ALAND": 1021027, "AWATER": 0 }, "geometry": { "type": "Polygon", "coordinates": [ [ [ -76.567424, 39.339556 ], [ -76.562998, 39.342016 ], [ -76.561687, 39.343016 ], [ -76.560887, 39.343606 ], [ -76.55939, 39.344439 ], [ -76.558147, 39.345185 ], [ -76.555376, 39.34192 ], [ -76.554799, 39.341218 ], [ -76.553285, 39.339229 ], [ -76.552441, 39.337614 ], [ -76.554456, 39.336185 ], [ -76.558902, 39.333078 ], [ -76.561612, 39.331095 ], [ -76.563823, 39.335053 ], [ -76.565121, 39.337286 ], [ -76.5672, 39.339075 ], [ -76.567424, 39.339556 ] ] ] } },
{ "type": "Feature", "properties": { "STATEFP": "24", "COUNTYFP": "510", "TRACTCE": "250205", "GEOIDFQ": "1400000US24510250205", "GEOID": "24510250205", "NAME": "2502.05", "NAMELSAD": "Census Tract 2502.05", "STUSPS": "MD", "NAMELSADCO": "Baltimore city", "STATE_NAME": "Maryland", "LSAD": "CT", "ALAND": 2316099, "AWATER": 14427 }, "geometry": { "type": "Polygon", "coordinates": [ [ [ -76.657559, 39.256784 ], [ -76.65251, 39.258401 ], [ -76.649834, 39.260314 ], [ -76.64536, 39.260014 ], [ -76.643351, 39.259375 ], [ -76.64066, 39.257567 ], [ -76.634109, 39.249845 ], [ -76.62867, 39.243473 ], [ -76.627985, 39.242996 ], [ -76.625756, 39.242103 ], [ -76.621721, 39.241702 ], [ -76.614642, 39.241092 ], [ -76.615641, 39.239922 ], [ -76.618612, 39.237398 ], [ -76.619039, 39.237727 ], [ -76.629853, 39.242338 ], [ -76.632589, 39.243406 ], [ -76.640328, 39.24703 ], [ -76.644212, 39.248924 ], [ -76.647256, 39.25006 ], [ -76.655569, 39.253701 ], [ -76.65986, 39.255509 ], [ -76.657559, 39.256784 ] ] ] } },
{ "type": "Feature", "properties": { "STATEFP": "24", "COUNTYFP": "510", "TRACTCE": "280402", "GEOIDFQ": "1400000US24510280402", "GEOID": "24510280402", "NAME": "2804.02", "NAMELSAD": "Census Tract 2804.02", "STUSPS": "MD", "NAMELSADCO": "Baltimore city", "STATE_NAME": "Maryland", "LSAD": "CT", "ALAND": 561712, "AWATER": 0 }, "geometry": { "type": "Polygon", "coordinates": [ [ [ -76.694509, 39.304737 ], [ -76.689582, 39.305099 ], [ -76.689482, 39.304434 ], [ -76.690092, 39.302306 ], [ -76.688139, 39.299172 ], [ -76.686275, 39.299217 ], [ -76.686193, 39.297742 ], [ -76.686101, 39.29625 ], [ -76.685995, 39.293711 ], [ -76.689425, 39.293581 ], [ -76.689442, 39.294111 ], [ -76.692248, 39.296117 ], [ -76.691572, 39.296734 ], [ -76.693512, 39.297922 ], [ -76.692406, 39.298946 ], [ -76.694866, 39.302016 ], [ -76.694509, 39.304737 ] ] ] } },
{ "type": "Feature", "properties": { "STATEFP": "24", "COUNTYFP": "510", "TRACTCE": "271501", "GEOIDFQ": "1400000US24510271501", "GEOID": "24510271501", "NAME": "2715.01", "NAMELSAD": "Census Tract 2715.01", "STUSPS": "MD", "NAMELSADCO": "Baltimore city", "STATE_NAME": "Maryland", "LSAD": "CT", "ALAND": 3628340, "AWATER": 18282 }, "geometry": { "type": "Polygon", "coordinates": [ [ [ -76.678191, 39.371994 ], [ -76.666192, 39.372005 ], [ -76.659997, 39.372096 ], [ -76.657792, 39.371993 ], [ -76.652738, 39.372105 ], [ -76.649803, 39.372104 ], [ -76.649041, 39.372181 ], [ -76.649353, 39.370648 ], [ -76.646257, 39.361444 ], [ -76.648588, 39.361042 ], [ -76.650551, 39.360533 ], [ -76.651161, 39.360396 ], [ -76.654802, 39.357503 ], [ -76.660408, 39.355193 ], [ -76.663489, 39.355404 ], [ -76.665964, 39.357613 ], [ -76.670848, 39.356788 ], [ -76.671748, 39.360952 ], [ -76.671325, 39.362076 ], [ -76.672967, 39.36408 ], [ -76.673109, 39.364244 ], [ -76.673301, 39.364466 ], [ -76.67336, 39.364547 ], [ -76.674202, 39.366381 ], [ -76.677545, 39.369693 ], [ -76.678191, 39.371994 ] ] ] } },
{ "type": "Feature", "properties": { "STATEFP": "24", "COUNTYFP": "510", "TRACTCE": "230200", "GEOIDFQ": "1400000US24510230200", "GEOID": "24510230200", "NAME": "2302", "NAMELSAD": "Census Tract 2302", "STUSPS": "MD", "NAMELSADCO": "Baltimore city", "STATE_NAME": "Maryland", "LSAD": "CT", "ALAND": 217596, "AWATER": 0 }, "geometry": { "type": "Polygon", "coordinates": [ [ [ -76.616111, 39.272553 ], [ -76.614111, 39.272617 ], [ -76.614159, 39.273657 ], [ -76.614295, 39.275772 ], [ -76.614525, 39.278985 ], [ -76.612623, 39.27889 ], [ -76.612227, 39.276019 ], [ -76.612049, 39.2747 ], [ -76.611843, 39.273257 ], [ -76.611754, 39.2727 ], [ -76.611504, 39.271142 ], [ -76.611579, 39.270613 ], [ -76.615953, 39.270453 ], [ -76.616111, 39.272553 ] ] ] } },
{ "type": "Feature", "properties": { "STATEFP": "24", "COUNTYFP": "510", "TRACTCE": "120500", "GEOIDFQ": "1400000US24510120500", "GEOID": "24510120500", "NAME": "1205", "NAMELSAD": "Census Tract 1205", "STUSPS": "MD", "NAMELSADCO": "Baltimore city", "STATE_NAME": "Maryland", "LSAD": "CT", "ALAND": 534553, "AWATER": 0 }, "geometry": { "type": "Polygon", "coordinates": [ [ [ -76.623277, 39.310848 ], [ -76.620221, 39.310945 ], [ -76.619354, 39.310956 ], [ -76.617915, 39.31099 ], [ -76.61583, 39.311041 ], [ -76.614955, 39.311065 ], [ -76.61381, 39.311136 ], [ -76.612464, 39.311194 ], [ -76.610971, 39.311259 ], [ -76.609497, 39.311405 ], [ -76.609391, 39.310071 ], [ -76.608199, 39.304839 ], [ -76.611208, 39.304718 ], [ -76.61135, 39.304715 ], [ -76.612113, 39.305771 ], [ -76.613486, 39.305958 ], [ -76.614655, 39.306022 ], [ -76.615513, 39.306331 ], [ -76.617725, 39.307674 ], [ -76.620355, 39.309123 ], [ -76.62304, 39.310709 ], [ -76.623277, 39.310848 ] ] ] } },
{ "type": "Feature", "properties": { "STATEFP": "24", "COUNTYFP": "510", "TRACTCE": "080200", "GEOIDFQ": "1400000US24510080200", "GEOID": "24510080200", "NAME": "802", "NAMELSAD": "Census Tract 802", "STUSPS": "MD", "NAMELSADCO": "Baltimore city", "STATE_NAME": "Maryland", "LSAD": "CT", "ALAND": 856268, "AWATER": 0 }, "geometry": { "type": "Polygon", "coordinates": [ [ [ -76.590619, 39.315073 ], [ -76.589881, 39.316123 ], [ -76.585062, 39.314926 ], [ -76.581813, 39.314553 ], [ -76.582164, 39.314243 ], [ -76.573145, 39.314316 ], [ -76.573046, 39.309338 ], [ -76.575875, 39.309241 ], [ -76.580103, 39.30906 ], [ -76.584365, 39.308929 ], [ -76.585764, 39.308887 ], [ -76.587394, 39.30885 ], [ -76.588507, 39.308679 ], [ -76.588483, 39.308805 ], [ -76.588692, 39.312419 ], [ -76.588812, 39.314343 ], [ -76.59057, 39.314304 ], [ -76.590619, 39.315073 ] ] ] } },
{ "type": "Feature", "properties": { "STATEFP": "24", "COUNTYFP": "510", "TRACTCE": "010400", "GEOIDFQ": "1400000US24510010400", "GEOID": "24510010400", "NAME": "104", "NAMELSAD": "Census Tract 104", "STUSPS": "MD", "NAMELSADCO": "Baltimore city", "STATE_NAME": "Maryland", "LSAD": "CT", "ALAND": 373744, "AWATER": 558487 }, "geometry": { "type": "Polygon", "coordinates": [ [ [ -76.587056, 39.285853 ], [ -76.584332, 39.285956 ], [ -76.584222, 39.28403 ], [ -76.582736, 39.283099 ], [ -76.579853, 39.283085 ], [ -76.577043, 39.28321 ], [ -76.57698, 39.282175 ], [ -76.576864, 39.28028 ], [ -76.57674, 39.278534 ], [ -76.575321, 39.278216 ], [ -76.577586, 39.271606 ], [ -76.586588, 39.277306 ], [ -76.58693, 39.283806 ], [ -76.587056, 39.285853 ] ] ] } },
{ "type": "Feature", "properties": { "STATEFP": "24", "COUNTYFP": "510", "TRACTCE": "060100", "GEOIDFQ": "1400000US24510060100", "GEOID": "24510060100", "NAME": "601", "NAMELSAD": "Census Tract 601", "STUSPS": "MD", "NAMELSADCO": "Baltimore city", "STATE_NAME": "Maryland", "LSAD": "CT", "ALAND": 238719, "AWATER": 0 }, "geometry": { "type": "Polygon", "coordinates": [ [ [ -76.577955, 39.296911 ], [ -76.575804, 39.296994 ], [ -76.572597, 39.297115 ], [ -76.572579, 39.295644 ], [ -76.572565, 39.294777 ], [ -76.572468, 39.293504 ], [ -76.57238, 39.292381 ], [ -76.574076, 39.292312 ], [ -76.575508, 39.292257 ], [ -76.576174, 39.292232 ], [ -76.577623, 39.292178 ], [ -76.577783, 39.294582 ], [ -76.577955, 39.296911 ] ] ] } },
{ "type": "Feature", "properties": { "STATEFP": "24", "COUNTYFP": "510", "TRACTCE": "140200", "GEOIDFQ": "1400000US24510140200", "GEOID": "24510140200", "NAME": "1402", "NAMELSAD": "Census Tract 1402", "STUSPS": "MD", "NAMELSADCO": "Baltimore city", "STATE_NAME": "Maryland", "LSAD": "CT", "ALAND": 395229, "AWATER": 0 }, "geometry": { "type": "Polygon", "coordinates": [ [ [ -76.635007, 39.304741 ], [ -76.634526, 39.305162 ], [ -76.633407, 39.305969 ], [ -76.632258, 39.306807 ], [ -76.630761, 39.307947 ], [ -76.628783, 39.306355 ], [ -76.626905, 39.304784 ], [ -76.628764, 39.303409 ], [ -76.630627, 39.302006 ], [ -76.631732, 39.301181 ], [ -76.634475, 39.299142 ], [ -76.634511, 39.299198 ], [ -76.636829, 39.303421 ], [ -76.635007, 39.304741 ] ] ] } },
{ "type": "Feature", "properties": { "STATEFP": "24", "COUNTYFP": "510", "TRACTCE": "250500", "GEOIDFQ": "1400000US24510250500", "GEOID": "24510250500", "NAME": "2505", "NAMELSAD": "Census Tract 2505", "STUSPS": "MD", "NAMELSADCO": "Baltimore city", "STATE_NAME": "Maryland", "LSAD": "CT", "ALAND": 8584546, "AWATER": 4070107 }, "geometry": { "type": "Polygon", "coordinates": [ [ [ -76.599308, 39.225298 ], [ -76.599947, 39.226385 ], [ -76.59936, 39.22746 ], [ -76.597981, 39.230093 ], [ -76.595787, 39.234309 ], [ -76.597742, 39.234898 ], [ -76.595552, 39.239143 ], [ -76.596954, 39.240977 ], [ -76.593105, 39.241049 ], [ -76.590603, 39.238165 ], [ -76.585039, 39.232402 ], [ -76.581969, 39.232078 ], [ -76.580587, 39.230906 ], [ -76.579287, 39.226706 ], [ -76.577387, 39.224906 ], [ -76.566186, 39.221106 ], [ -76.561642, 39.220633 ], [ -76.559461104150003, 39.220406018130703 ], [ -76.555349, 39.216972 ], [ -76.550239, 39.217341 ], [ -76.549051, 39.21375 ], [ -76.541801, 39.212277 ], [ -76.534285, 39.213208 ], [ -76.532845, 39.21111 ], [ -76.532399, 39.209993 ], [ -76.533073598867901, 39.2076476380469 ], [ -76.550086, 39.197207 ], [ -76.555173, 39.198872 ], [ -76.563786, 39.201407 ], [ -76.567396, 39.202117 ], [ -76.571114, 39.20382 ], [ -76.577295, 39.205586 ], [ -76.580287, 39.206607 ], [ -76.58328, 39.207404 ], [ -76.584077, 39.207921 ], [ -76.588226, 39.212257 ], [ -76.597437, 39.220806 ], [ -76.597923, 39.221268 ], [ -76.600665, 39.223734 ], [ -76.599308, 39.225298 ] ] ] } },
{ "type": "Feature", "properties": { "STATEFP": "24", "COUNTYFP": "510", "TRACTCE": "250301", "GEOIDFQ": "1400000US24510250301", "GEOID": "24510250301", "NAME": "2503.01", "NAMELSAD": "Census Tract 2503.01", "STUSPS": "MD", "NAMELSADCO": "Baltimore city", "STATE_NAME": "Maryland", "LSAD": "CT", "ALAND": 1891899, "AWATER": 311271 }, "geometry": { "type": "Polygon", "coordinates": [ [ [ -76.649834, 39.260314 ], [ -76.63733, 39.27014 ], [ -76.633472, 39.269545 ], [ -76.626561, 39.268201 ], [ -76.625855, 39.268189 ], [ -76.627059, 39.265185 ], [ -76.623793, 39.265075 ], [ -76.623289, 39.260106 ], [ -76.624689, 39.260606 ], [ -76.632768, 39.257731 ], [ -76.633708, 39.258598 ], [ -76.634553, 39.255971 ], [ -76.635045, 39.251641 ], [ -76.634109, 39.249845 ], [ -76.64066, 39.257567 ], [ -76.643351, 39.259375 ], [ -76.64536, 39.260014 ], [ -76.649834, 39.260314 ] ] ] } },
{ "type": "Feature", "properties": { "STATEFP": "24", "COUNTYFP": "510", "TRACTCE": "090800", "GEOIDFQ": "1400000US24510090800", "GEOID": "24510090800", "NAME": "908", "NAMELSAD": "Census Tract 908", "STUSPS": "MD", "NAMELSADCO": "Baltimore city", "STATE_NAME": "Maryland", "LSAD": "CT", "ALAND": 846055, "AWATER": 0 }, "geometry": { "type": "Polygon", "coordinates": [ [ [ -76.609528, 39.315066 ], [ -76.60949, 39.316234 ], [ -76.609464, 39.318111 ], [ -76.609509, 39.319519 ], [ -76.607873, 39.319552 ], [ -76.605812, 39.319457 ], [ -76.603351, 39.319181 ], [ -76.601489, 39.31879 ], [ -76.599412, 39.318294 ], [ -76.597717, 39.317922 ], [ -76.594867, 39.317238 ], [ -76.596435, 39.315713 ], [ -76.597941, 39.314262 ], [ -76.599057, 39.312961 ], [ -76.59937, 39.311942 ], [ -76.606158, 39.311605 ], [ -76.607133, 39.311536 ], [ -76.609497, 39.311405 ], [ -76.609528, 39.315066 ] ] ] } },
{ "type": "Feature", "properties": { "STATEFP": "24", "COUNTYFP": "510", "TRACTCE": "070200", "GEOIDFQ": "1400000US24510070200", "GEOID": "24510070200", "NAME": "702", "NAMELSAD": "Census Tract 702", "STUSPS": "MD", "NAMELSADCO": "Baltimore city", "STATE_NAME": "Maryland", "LSAD": "CT", "ALAND": 311145, "AWATER": 0 }, "geometry": { "type": "Polygon", "coordinates": [ [ [ -76.585358, 39.302297 ], [ -76.583901, 39.302313 ], [ -76.579704, 39.302482 ], [ -76.578278, 39.302549 ], [ -76.578211, 39.301131 ], [ -76.578085, 39.299029 ], [ -76.577955, 39.296911 ], [ -76.580041, 39.296817 ], [ -76.580754, 39.29679 ], [ -76.582169, 39.296752 ], [ -76.583585, 39.296687 ], [ -76.583721, 39.298807 ], [ -76.583903, 39.301807 ], [ -76.585358, 39.302297 ] ] ] } },
{ "type": "Feature", "properties": { "STATEFP": "24", "COUNTYFP": "510", "TRACTCE": "020300", "GEOIDFQ": "1400000US24510020300", "GEOID": "24510020300", "NAME": "203", "NAMELSAD": "Census Tract 203", "STUSPS": "MD", "NAMELSADCO": "Baltimore city", "STATE_NAME": "Maryland", "LSAD": "CT", "ALAND": 662772, "AWATER": 384067 }, "geometry": { "type": "Polygon", "coordinates": [ [ [ -76.599009, 39.282253 ], [ -76.599227, 39.285337 ], [ -76.593557, 39.285578 ], [ -76.590113, 39.285735 ], [ -76.587056, 39.285853 ], [ -76.58693, 39.283806 ], [ -76.586588, 39.277306 ], [ -76.589884, 39.278005 ], [ -76.592991, 39.277527 ], [ -76.595079, 39.277199 ], [ -76.598977, 39.276916 ], [ -76.602588, 39.279506 ], [ -76.599009, 39.282253 ] ] ] } },
{ "type": "Feature", "properties": { "STATEFP": "24", "COUNTYFP": "510", "TRACTCE": "270200", "GEOIDFQ": "1400000US24510270200", "GEOID": "24510270200", "NAME": "2702", "NAMELSAD": "Census Tract 2702", "STUSPS": "MD", "NAMELSADCO": "Baltimore city", "STATE_NAME": "Maryland", "LSAD": "CT", "ALAND": 938519, "AWATER": 0 }, "geometry": { "type": "Polygon", "coordinates": [ [ [ -76.580805, 39.345277 ], [ -76.579179, 39.345194 ], [ -76.57707, 39.345409 ], [ -76.575585, 39.345589 ], [ -76.574266, 39.345718 ], [ -76.573724, 39.345561 ], [ -76.57134, 39.344489 ], [ -76.569136, 39.342826 ], [ -76.567956, 39.342076 ], [ -76.567424, 39.339556 ], [ -76.568325, 39.339026 ], [ -76.572095, 39.336117 ], [ -76.573154, 39.335787 ], [ -76.575221, 39.335243 ], [ -76.576547, 39.333861 ], [ -76.578427, 39.335492 ], [ -76.576952, 39.338625 ], [ -76.579257, 39.341568 ], [ -76.581539, 39.341919 ], [ -76.580805, 39.345277 ] ] ] } },
{ "type": "Feature", "properties": { "STATEFP": "24", "COUNTYFP": "510", "TRACTCE": "280403", "GEOIDFQ": "1400000US24510280403", "GEOID": "24510280403", "NAME": "2804.03", "NAMELSAD": "Census Tract 2804.03", "STUSPS": "MD", "NAMELSADCO": "Baltimore city", "STATE_NAME": "Maryland", "LSAD": "CT", "ALAND": 1831350, "AWATER": 0 }, "geometry": { "type": "Polygon", "coordinates": [ [ [ -76.711186, 39.287394 ], [ -76.711015, 39.289603 ], [ -76.71118, 39.291566 ], [ -76.711195, 39.291749 ], [ -76.708124, 39.291882 ], [ -76.703902, 39.292431 ], [ -76.699264, 39.292847 ], [ -76.697993, 39.29306 ], [ -76.697204, 39.289137 ], [ -76.695944, 39.288681 ], [ -76.693892, 39.285755 ], [ -76.693817, 39.28484 ], [ -76.692931, 39.281469 ], [ -76.693682, 39.281443 ], [ -76.695717, 39.281391 ], [ -76.699012, 39.281274 ], [ -76.70264, 39.280857 ], [ -76.705495, 39.280813 ], [ -76.706764, 39.279696 ], [ -76.711054, 39.277889 ], [ -76.711132, 39.278262 ], [ -76.711232, 39.278797 ], [ -76.711186, 39.287394 ] ] ] } },
{ "type": "Feature", "properties": { "STATEFP": "24", "COUNTYFP": "510", "TRACTCE": "270902", "GEOIDFQ": "1400000US24510270902", "GEOID": "24510270902", "NAME": "2709.02", "NAMELSAD": "Census Tract 2709.02", "STUSPS": "MD", "NAMELSADCO": "Baltimore city", "STATE_NAME": "Maryland", "LSAD": "CT", "ALAND": 1132898, "AWATER": 0 }, "geometry": { "type": "Polygon", "coordinates": [ [ [ -76.591419, 39.349263 ], [ -76.591137, 39.35003 ], [ -76.590374, 39.352207 ], [ -76.589577, 39.354852 ], [ -76.589561, 39.355418 ], [ -76.582683, 39.355597 ], [ -76.578658, 39.354486 ], [ -76.575788, 39.354923 ], [ -76.574056, 39.354117 ], [ -76.573015, 39.353903 ], [ -76.57418, 39.352651 ], [ -76.577649, 39.352457 ], [ -76.577609, 39.349775 ], [ -76.579488, 39.350405 ], [ -76.581827, 39.349018 ], [ -76.580805, 39.345277 ], [ -76.583517, 39.345893 ], [ -76.586178, 39.345856 ], [ -76.589323, 39.346058 ], [ -76.592006, 39.346163 ], [ -76.591419, 39.349263 ] ] ] } },
{ "type": "Feature", "properties": { "STATEFP": "24", "COUNTYFP": "510", "TRACTCE": "280401", "GEOIDFQ": "1400000US24510280401", "GEOID": "24510280401", "NAME": "2804.01", "NAMELSAD": "Census Tract 2804.01", "STUSPS": "MD", "NAMELSADCO": "Baltimore city", "STATE_NAME": "Maryland", "LSAD": "CT", "ALAND": 1645634, "AWATER": 0 }, "geometry": { "type": "Polygon", "coordinates": [ [ [ -76.711255, 39.297362 ], [ -76.711193, 39.29823 ], [ -76.711255, 39.299212 ], [ -76.71121, 39.299778 ], [ -76.711191, 39.302955 ], [ -76.708403, 39.303395 ], [ -76.705844, 39.302712 ], [ -76.706178, 39.299673 ], [ -76.703122, 39.299745 ], [ -76.700272, 39.301934 ], [ -76.697455, 39.301456 ], [ -76.694866, 39.302016 ], [ -76.692406, 39.298946 ], [ -76.693512, 39.297922 ], [ -76.691572, 39.296734 ], [ -76.692248, 39.296117 ], [ -76.689442, 39.294111 ], [ -76.689425, 39.293581 ], [ -76.696359, 39.293298 ], [ -76.697993, 39.29306 ], [ -76.699264, 39.292847 ], [ -76.703902, 39.292431 ], [ -76.708124, 39.291882 ], [ -76.711195, 39.291749 ], [ -76.711393, 39.296805 ], [ -76.711255, 39.297362 ] ] ] } },
{ "type": "Feature", "properties": { "STATEFP": "24", "COUNTYFP": "510", "TRACTCE": "260201", "GEOIDFQ": "1400000US24510260201", "GEOID": "24510260201", "NAME": "2602.01", "NAMELSAD": "Census Tract 2602.01", "STUSPS": "MD", "NAMELSADCO": "Baltimore city", "STATE_NAME": "Maryland", "LSAD": "CT", "ALAND": 1648547, "AWATER": 0 }, "geometry": { "type": "Polygon", "coordinates": [ [ [ -76.561612, 39.331095 ], [ -76.558902, 39.333078 ], [ -76.554456, 39.336185 ], [ -76.552441, 39.337614 ], [ -76.55166, 39.338122 ], [ -76.548533, 39.335248 ], [ -76.548004, 39.333966 ], [ -76.547481, 39.333472 ], [ -76.543988, 39.331596 ], [ -76.543521, 39.331136 ], [ -76.541721, 39.329213 ], [ -76.540754, 39.323623 ], [ -76.542892, 39.322952 ], [ -76.545266, 39.32225 ], [ -76.548442, 39.32183 ], [ -76.548647, 39.322535 ], [ -76.551669, 39.325844 ], [ -76.551788, 39.325781 ], [ -76.555031, 39.327677 ], [ -76.558756, 39.328963 ], [ -76.560908, 39.330402 ], [ -76.561612, 39.331095 ] ] ] } },
{ "type": "Feature", "properties": { "STATEFP": "24", "COUNTYFP": "510", "TRACTCE": "040100", "GEOIDFQ": "1400000US24510040100", "GEOID": "24510040100", "NAME": "401", "NAMELSAD": "Census Tract 401", "STUSPS": "MD", "NAMELSADCO": "Baltimore city", "STATE_NAME": "Maryland", "LSAD": "CT", "ALAND": 1189600, "AWATER": 0 }, "geometry": { "type": "Polygon", "coordinates": [ [ [ -76.622638, 39.294812 ], [ -76.619819, 39.294931 ], [ -76.618322, 39.294978 ], [ -76.616933, 39.295049 ], [ -76.615549, 39.295092 ], [ -76.614342, 39.29512 ], [ -76.613742, 39.294685 ], [ -76.611007, 39.294532 ], [ -76.610541, 39.293472 ], [ -76.606429, 39.290712 ], [ -76.605805, 39.289962 ], [ -76.605139, 39.286851 ], [ -76.612128, 39.286603 ], [ -76.614896, 39.286513 ], [ -76.619332, 39.286316 ], [ -76.620755, 39.286261 ], [ -76.622129, 39.286257 ], [ -76.62233, 39.289245 ], [ -76.622638, 39.294812 ] ] ] } },
{ "type": "Feature", "properties": { "STATEFP": "24", "COUNTYFP": "510", "TRACTCE": "150800", "GEOIDFQ": "1400000US24510150800", "GEOID": "24510150800", "NAME": "1508", "NAMELSAD": "Census Tract 1508", "STUSPS": "MD", "NAMELSADCO": "Baltimore city", "STATE_NAME": "Maryland", "LSAD": "CT", "ALAND": 1089496, "AWATER": 0 }, "geometry": { "type": "Polygon", "coordinates": [ [ [ -76.682747, 39.322852 ], [ -76.681084, 39.323358 ], [ -76.682092, 39.325027 ], [ -76.681068, 39.326945 ], [ -76.674659, 39.325134 ], [ -76.67145, 39.324189 ], [ -76.672888, 39.321345 ], [ -76.674532, 39.321829 ], [ -76.674862, 39.321181 ], [ -76.674495, 39.315238 ], [ -76.67443, 39.314334 ], [ -76.674418, 39.314163 ], [ -76.674239, 39.311032 ], [ -76.676016, 39.310916 ], [ -76.680565, 39.310762 ], [ -76.681133, 39.314092 ], [ -76.681301, 39.315002 ], [ -76.68164, 39.318101 ], [ -76.681841, 39.32009 ], [ -76.681914, 39.321316 ], [ -76.682747, 39.322852 ] ] ] } },
{ "type": "Feature", "properties": { "STATEFP": "24", "COUNTYFP": "510", "TRACTCE": "210200", "GEOIDFQ": "1400000US24510210200", "GEOID": "24510210200", "NAME": "2102", "NAMELSAD": "Census Tract 2102", "STUSPS": "MD", "NAMELSADCO": "Baltimore city", "STATE_NAME": "Maryland", "LSAD": "CT", "ALAND": 2386963, "AWATER": 12265 }, "geometry": { "type": "Polygon", "coordinates": [ [ [ -76.655243, 39.274924 ], [ -76.654919, 39.275524 ], [ -76.653548, 39.277069 ], [ -76.647977, 39.279075 ], [ -76.646426, 39.279489 ], [ -76.641861, 39.280991 ], [ -76.638979, 39.282402 ], [ -76.637843, 39.282788 ], [ -76.637984, 39.285587 ], [ -76.629019, 39.286009 ], [ -76.628883, 39.283794 ], [ -76.633493, 39.283618 ], [ -76.632531, 39.282893 ], [ -76.630343, 39.281257 ], [ -76.634597, 39.277969 ], [ -76.633711, 39.277282 ], [ -76.632848, 39.276638 ], [ -76.628731, 39.273467 ], [ -76.631928, 39.270884 ], [ -76.633472, 39.269545 ], [ -76.63733, 39.27014 ], [ -76.639054, 39.270421 ], [ -76.64737, 39.271164 ], [ -76.653264, 39.271539 ], [ -76.654996, 39.271192 ], [ -76.655243, 39.274924 ] ] ] } },
{ "type": "Feature", "properties": { "STATEFP": "24", "COUNTYFP": "510", "TRACTCE": "150200", "GEOIDFQ": "1400000US24510150200", "GEOID": "24510150200", "NAME": "1502", "NAMELSAD": "Census Tract 1502", "STUSPS": "MD", "NAMELSADCO": "Baltimore city", "STATE_NAME": "Maryland", "LSAD": "CT", "ALAND": 420327, "AWATER": 0 }, "geometry": { "type": "Polygon", "coordinates": [ [ [ -76.651048, 39.305115 ], [ -76.651191, 39.307766 ], [ -76.651339, 39.30968 ], [ -76.645006, 39.309944 ], [ -76.644913, 39.308006 ], [ -76.644839, 39.306727 ], [ -76.644769, 39.305352 ], [ -76.644643, 39.303176 ], [ -76.646118, 39.303112 ], [ -76.647787, 39.303062 ], [ -76.647717, 39.302305 ], [ -76.64865, 39.302917 ], [ -76.651607, 39.30335 ], [ -76.651048, 39.305115 ] ] ] } },
{ "type": "Feature", "properties": { "STATEFP": "24", "COUNTYFP": "510", "TRACTCE": "250204", "GEOIDFQ": "1400000US24510250204", "GEOID": "24510250204", "NAME": "2502.04", "NAMELSAD": "Census Tract 2502.04", "STUSPS": "MD", "NAMELSADCO": "Baltimore city", "STATE_NAME": "Maryland", "LSAD": "CT", "ALAND": 861732, "AWATER": 0 }, "geometry": { "type": "Polygon", "coordinates": [ [ [ -76.634553, 39.255971 ], [ -76.633708, 39.258598 ], [ -76.632768, 39.257731 ], [ -76.634311, 39.25511 ], [ -76.632601, 39.251544 ], [ -76.628077, 39.250031 ], [ -76.627427, 39.25158 ], [ -76.6261, 39.251737 ], [ -76.625398, 39.249082 ], [ -76.623857, 39.248517 ], [ -76.623001, 39.248131 ], [ -76.618824, 39.24575 ], [ -76.619496, 39.244593 ], [ -76.621721, 39.241702 ], [ -76.625756, 39.242103 ], [ -76.627985, 39.242996 ], [ -76.62867, 39.243473 ], [ -76.634109, 39.249845 ], [ -76.635045, 39.251641 ], [ -76.634553, 39.255971 ] ] ] } },
{ "type": "Feature", "properties": { "STATEFP": "24", "COUNTYFP": "510", "TRACTCE": "260900", "GEOIDFQ": "1400000US24510260900", "GEOID": "24510260900", "NAME": "2609", "NAMELSAD": "Census Tract 2609", "STUSPS": "MD", "NAMELSADCO": "Baltimore city", "STATE_NAME": "Maryland", "LSAD": "CT", "ALAND": 552102, "AWATER": 0 }, "geometry": { "type": "Polygon", "coordinates": [ [ [ -76.569091, 39.287565 ], [ -76.562513, 39.287825 ], [ -76.562312, 39.284791 ], [ -76.562123, 39.281749 ], [ -76.562057, 39.280707 ], [ -76.5645, 39.278595 ], [ -76.568512, 39.278417 ], [ -76.56878, 39.282488 ], [ -76.568845, 39.283509 ], [ -76.569091, 39.287565 ] ] ] } },
{ "type": "Feature", "properties": { "STATEFP": "24", "COUNTYFP": "510", "TRACTCE": "190100", "GEOIDFQ": "1400000US24510190100", "GEOID": "24510190100", "NAME": "1901", "NAMELSAD": "Census Tract 1901", "STUSPS": "MD", "NAMELSADCO": "Baltimore city", "STATE_NAME": "Maryland", "LSAD": "CT", "ALAND": 383127, "AWATER": 0 }, "geometry": { "type": "Polygon", "coordinates": [ [ [ -76.64552, 39.293895 ], [ -76.642696, 39.294009 ], [ -76.638462, 39.294189 ], [ -76.638365, 39.292295 ], [ -76.638166, 39.288566 ], [ -76.640997, 39.28844 ], [ -76.642413, 39.288373 ], [ -76.645222, 39.288228 ], [ -76.645448, 39.292063 ], [ -76.64552, 39.293895 ] ] ] } },
{ "type": "Feature", "properties": { "STATEFP": "24", "COUNTYFP": "510", "TRACTCE": "250402", "GEOIDFQ": "1400000US24510250402", "GEOID": "24510250402", "NAME": "2504.02", "NAMELSAD": "Census Tract 2504.02", "STUSPS": "MD", "NAMELSADCO": "Baltimore city", "STATE_NAME": "Maryland", "LSAD": "CT", "ALAND": 702436, "AWATER": 0 }, "geometry": { "type": "Polygon", "coordinates": [ [ [ -76.608167, 39.231099 ], [ -76.604205, 39.232623 ], [ -76.602353, 39.236303 ], [ -76.599319, 39.235389 ], [ -76.597742, 39.234898 ], [ -76.595787, 39.234309 ], [ -76.597981, 39.230093 ], [ -76.59936, 39.22746 ], [ -76.599947, 39.226385 ], [ -76.599308, 39.225298 ], [ -76.600665, 39.223734 ], [ -76.604725, 39.227916 ], [ -76.606916, 39.229769 ], [ -76.608167, 39.231099 ] ] ] } },
{ "type": "Feature", "properties": { "STATEFP": "24", "COUNTYFP": "510", "TRACTCE": "200600", "GEOIDFQ": "1400000US24510200600", "GEOID": "24510200600", "NAME": "2006", "NAMELSAD": "Census Tract 2006", "STUSPS": "MD", "NAMELSADCO": "Baltimore city", "STATE_NAME": "Maryland", "LSAD": "CT", "ALAND": 1770698, "AWATER": 30330 }, "geometry": { "type": "Polygon", "coordinates": [ [ [ -76.67278, 39.294174 ], [ -76.672383, 39.294201 ], [ -76.670465, 39.294257 ], [ -76.669717, 39.294276 ], [ -76.669642, 39.293528 ], [ -76.66653, 39.291022 ], [ -76.665419, 39.289049 ], [ -76.662924, 39.287424 ], [ -76.659436, 39.2862 ], [ -76.659259, 39.285763 ], [ -76.65986, 39.282321 ], [ -76.659026, 39.281384 ], [ -76.660175, 39.280657 ], [ -76.658684, 39.278057 ], [ -76.657608, 39.276041 ], [ -76.659408, 39.274653 ], [ -76.662291, 39.27624 ], [ -76.665061, 39.275043 ], [ -76.667082, 39.276147 ], [ -76.669418, 39.275522 ], [ -76.671563, 39.275933 ], [ -76.671651, 39.27967 ], [ -76.67219, 39.280661 ], [ -76.67222, 39.280752 ], [ -76.672216, 39.280937 ], [ -76.672167, 39.281087 ], [ -76.672275, 39.28486 ], [ -76.672316, 39.285832 ], [ -76.672341, 39.286403 ], [ -76.672573, 39.2906 ], [ -76.67257, 39.290681 ], [ -76.67278, 39.294174 ] ] ] } },
{ "type": "Feature", "properties": { "STATEFP": "24", "COUNTYFP": "510", "TRACTCE": "170200", "GEOIDFQ": "1400000US24510170200", "GEOID": "24510170200", "NAME": "1702", "NAMELSAD": "Census Tract 1702", "STUSPS": "MD", "NAMELSADCO": "Baltimore city", "STATE_NAME": "Maryland", "LSAD": "CT", "ALAND": 494006, "AWATER": 0 }, "geometry": { "type": "Polygon", "coordinates": [ [ [ -76.630627, 39.302006 ], [ -76.628764, 39.303409 ], [ -76.626905, 39.304784 ], [ -76.625118, 39.303182 ], [ -76.624132, 39.303841 ], [ -76.620723, 39.304351 ], [ -76.620269, 39.301757 ], [ -76.621822, 39.300465 ], [ -76.624049, 39.298357 ], [ -76.626159, 39.296653 ], [ -76.628616, 39.298666 ], [ -76.629665, 39.299518 ], [ -76.631732, 39.301181 ], [ -76.630627, 39.302006 ] ] ] } },
{ "type": "Feature", "properties": { "STATEFP": "24", "COUNTYFP": "510", "TRACTCE": "272006", "GEOIDFQ": "1400000US24510272006", "GEOID": "24510272006", "NAME": "2720.06", "NAMELSAD": "Census Tract 2720.06", "STUSPS": "MD", "NAMELSADCO": "Baltimore city", "STATE_NAME": "Maryland", "LSAD": "CT", "ALAND": 736776, "AWATER": 0 }, "geometry": { "type": "Polygon", "coordinates": [ [ [ -76.703228, 39.359702 ], [ -76.699798, 39.362363 ], [ -76.697885, 39.360799 ], [ -76.696712, 39.360122 ], [ -76.694038, 39.358715 ], [ -76.68959, 39.356505 ], [ -76.688144, 39.35576 ], [ -76.691712, 39.353942 ], [ -76.695355, 39.351254 ], [ -76.698965, 39.353797 ], [ -76.702446, 39.356246 ], [ -76.70083, 39.357891 ], [ -76.703228, 39.359702 ] ] ] } },
{ "type": "Feature", "properties": { "STATEFP": "24", "COUNTYFP": "510", "TRACTCE": "250401", "GEOIDFQ": "1400000US24510250401", "GEOID": "24510250401", "NAME": "2504.01", "NAMELSAD": "Census Tract 2504.01", "STUSPS": "MD", "NAMELSADCO": "Baltimore city", "STATE_NAME": "Maryland", "LSAD": "CT", "ALAND": 1181295, "AWATER": 31347 }, "geometry": { "type": "Polygon", "coordinates": [ [ [ -76.615641, 39.239922 ], [ -76.614642, 39.241092 ], [ -76.60848, 39.240643 ], [ -76.608808, 39.24002 ], [ -76.601231, 39.240609 ], [ -76.595552, 39.239143 ], [ -76.597742, 39.234898 ], [ -76.599319, 39.235389 ], [ -76.602353, 39.236303 ], [ -76.604205, 39.232623 ], [ -76.608167, 39.231099 ], [ -76.608874, 39.231797 ], [ -76.609638, 39.232628 ], [ -76.611679, 39.234387 ], [ -76.618612, 39.237398 ], [ -76.615641, 39.239922 ] ] ] } },
{ "type": "Feature", "properties": { "STATEFP": "24", "COUNTYFP": "510", "TRACTCE": "130804", "GEOIDFQ": "1400000US24510130804", "GEOID": "24510130804", "NAME": "1308.04", "NAMELSAD": "Census Tract 1308.04", "STUSPS": "MD", "NAMELSADCO": "Baltimore city", "STATE_NAME": "Maryland", "LSAD": "CT", "ALAND": 737978, "AWATER": 0 }, "geometry": { "type": "Polygon", "coordinates": [ [ [ -76.644627, 39.334753 ], [ -76.640385, 39.336448 ], [ -76.637361, 39.337635 ], [ -76.636749, 39.336751 ], [ -76.635638, 39.333202 ], [ -76.635446, 39.332613 ], [ -76.634964, 39.331049 ], [ -76.634924, 39.330864 ], [ -76.63321, 39.32697 ], [ -76.633653, 39.325568 ], [ -76.6343, 39.324737 ], [ -76.640014, 39.326736 ], [ -76.640528, 39.327216 ], [ -76.641929, 39.331495 ], [ -76.642269, 39.331922 ], [ -76.643234, 39.332892 ], [ -76.644627, 39.334753 ] ] ] } },
{ "type": "Feature", "properties": { "STATEFP": "24", "COUNTYFP": "510", "TRACTCE": "150600", "GEOIDFQ": "1400000US24510150600", "GEOID": "24510150600", "NAME": "1506", "NAMELSAD": "Census Tract 1506", "STUSPS": "MD", "NAMELSADCO": "Baltimore city", "STATE_NAME": "Maryland", "LSAD": "CT", "ALAND": 959035, "AWATER": 0 }, "geometry": { "type": "Polygon", "coordinates": [ [ [ -76.680565, 39.310762 ], [ -76.676016, 39.310916 ], [ -76.674239, 39.311032 ], [ -76.672505, 39.311077 ], [ -76.66591, 39.31132 ], [ -76.664137, 39.311374 ], [ -76.661319, 39.311446 ], [ -76.661728, 39.314727 ], [ -76.659779, 39.315224 ], [ -76.659625, 39.314451 ], [ -76.659985, 39.309368 ], [ -76.660015, 39.308331 ], [ -76.659292, 39.306518 ], [ -76.659038, 39.306252 ], [ -76.660898, 39.306144 ], [ -76.665595, 39.30596 ], [ -76.667324, 39.305904 ], [ -76.668405, 39.307117 ], [ -76.672291, 39.307205 ], [ -76.674123, 39.306268 ], [ -76.676717, 39.306749 ], [ -76.679261, 39.306865 ], [ -76.680565, 39.310762 ] ] ] } },
{ "type": "Feature", "properties": { "STATEFP": "24", "COUNTYFP": "510", "TRACTCE": "250101", "GEOIDFQ": "1400000US24510250101", "GEOID": "24510250101", "NAME": "2501.01", "NAMELSAD": "Census Tract 2501.01", "STUSPS": "MD", "NAMELSADCO": "Baltimore city", "STATE_NAME": "Maryland", "LSAD": "CT", "ALAND": 962784, "AWATER": 0 }, "geometry": { "type": "Polygon", "coordinates": [ [ [ -76.706764, 39.279696 ], [ -76.705495, 39.280813 ], [ -76.70264, 39.280857 ], [ -76.699012, 39.281274 ], [ -76.695717, 39.281391 ], [ -76.693682, 39.281443 ], [ -76.694546, 39.280063 ], [ -76.694633, 39.279374 ], [ -76.695724, 39.27794 ], [ -76.694154, 39.275294 ], [ -76.692922, 39.272496 ], [ -76.69268, 39.271824 ], [ -76.695371, 39.27191 ], [ -76.698892, 39.272705 ], [ -76.711054, 39.277889 ], [ -76.706764, 39.279696 ] ] ] } },
{ "type": "Feature", "properties": { "STATEFP": "24", "COUNTYFP": "510", "TRACTCE": "110200", "GEOIDFQ": "1400000US24510110200", "GEOID": "24510110200", "NAME": "1102", "NAMELSAD": "Census Tract 1102", "STUSPS": "MD", "NAMELSADCO": "Baltimore city", "STATE_NAME": "Maryland", "LSAD": "CT", "ALAND": 720072, "AWATER": 0 }, "geometry": { "type": "Polygon", "coordinates": [ [ [ -76.621005, 39.307234 ], [ -76.620355, 39.309123 ], [ -76.617725, 39.307674 ], [ -76.615513, 39.306331 ], [ -76.614655, 39.306022 ], [ -76.614613, 39.305469 ], [ -76.614482, 39.303524 ], [ -76.614406, 39.302461 ], [ -76.614324, 39.301086 ], [ -76.614243, 39.299721 ], [ -76.614072, 39.297358 ], [ -76.613993, 39.296387 ], [ -76.614342, 39.29512 ], [ -76.615549, 39.295092 ], [ -76.616933, 39.295049 ], [ -76.618322, 39.294978 ], [ -76.619819, 39.294931 ], [ -76.61992, 39.296261 ], [ -76.619983, 39.297359 ], [ -76.620036, 39.29843 ], [ -76.620174, 39.301142 ], [ -76.620269, 39.301757 ], [ -76.620723, 39.304351 ], [ -76.62076, 39.304815 ], [ -76.621005, 39.307234 ] ] ] } },
{ "type": "Feature", "properties": { "STATEFP": "24", "COUNTYFP": "510", "TRACTCE": "280600", "GEOIDFQ": "1400000US24510280600", "GEOID": "24510280600", "NAME": "2806", "NAMELSAD": "Census Tract 2806", "STUSPS": "MD", "NAMELSADCO": "Baltimore city", "STATE_NAME": "Maryland", "LSAD": "CT", "ALAND": 576317, "AWATER": 0 }, "geometry": { "type": "Polygon", "coordinates": [ [ [ -76.638462, 39.294189 ], [ -76.635623, 39.294302 ], [ -76.634132, 39.294354 ], [ -76.631922, 39.294458 ], [ -76.627688, 39.29463 ], [ -76.627503, 39.290128 ], [ -76.627766, 39.288974 ], [ -76.628909, 39.288992 ], [ -76.63381, 39.288766 ], [ -76.638166, 39.288566 ], [ -76.638365, 39.292295 ], [ -76.638462, 39.294189 ] ] ] } },
{ "type": "Feature", "properties": { "STATEFP": "24", "COUNTYFP": "510", "TRACTCE": "080600", "GEOIDFQ": "1400000US24510080600", "GEOID": "24510080600", "NAME": "806", "NAMELSAD": "Census Tract 806", "STUSPS": "MD", "NAMELSADCO": "Baltimore city", "STATE_NAME": "Maryland", "LSAD": "CT", "ALAND": 336416, "AWATER": 0 }, "geometry": { "type": "Polygon", "coordinates": [ [ [ -76.598477, 39.311992 ], [ -76.595233, 39.312158 ], [ -76.593096, 39.312217 ], [ -76.591098, 39.312313 ], [ -76.588692, 39.312419 ], [ -76.588483, 39.308805 ], [ -76.592846, 39.308641 ], [ -76.598278, 39.308425 ], [ -76.598318, 39.309477 ], [ -76.598477, 39.311992 ] ] ] } },
{ "type": "Feature", "properties": { "STATEFP": "24", "COUNTYFP": "510", "TRACTCE": "060400", "GEOIDFQ": "1400000US24510060400", "GEOID": "24510060400", "NAME": "604", "NAMELSAD": "Census Tract 604", "STUSPS": "MD", "NAMELSADCO": "Baltimore city", "STATE_NAME": "Maryland", "LSAD": "CT", "ALAND": 430129, "AWATER": 0 }, "geometry": { "type": "Polygon", "coordinates": [ [ [ -76.594408, 39.298373 ], [ -76.590874, 39.298524 ], [ -76.587869, 39.298647 ], [ -76.58773, 39.296519 ], [ -76.587584, 39.294208 ], [ -76.587414, 39.291813 ], [ -76.590468, 39.291679 ], [ -76.593944, 39.291542 ], [ -76.594117, 39.293968 ], [ -76.594179, 39.295143 ], [ -76.594408, 39.298373 ] ] ] } }
]
}
